chain_id,task,model,sample_index,turn,compiled,correct,gen_status
ptx|0shot|19_ReLU|Qwen/Qwen3-Coder-30B-A3B-Instruct|0,19_ReLU,Qwen/Qwen3-Coder-30B-A3B-Instruct,0,1,1,0,generated
ptx|0shot|19_ReLU|Qwen/Qwen3-Coder-30B-A3B-Instruct|0,19_ReLU,Qwen/Qwen3-Coder-30B-A3B-Instruct,0,2,1,0,generated
ptx|0shot|19_ReLU|Qwen/Qwen3-Coder-30B-A3B-Instruct|0,19_ReLU,Qwen/Qwen3-Coder-30B-A3B-Instruct,0,3,1,0,generated
ptx|0shot|19_ReLU|Qwen/Qwen3-Coder-30B-A3B-Instruct|0,19_ReLU,Qwen/Qwen3-Coder-30B-A3B-Instruct,0,4,1,0,generated
ptx|0shot|19_ReLU|Qwen/Qwen3-Coder-30B-A3B-Instruct|0,19_ReLU,Qwen/Qwen3-Coder-30B-A3B-Instruct,0,5,1,0,generated
ptx|0shot|19_ReLU|Qwen/Qwen3-Coder-30B-A3B-Instruct|0,19_ReLU,Qwen/Qwen3-Coder-30B-A3B-Instruct,0,6,1,0,generated
ptx|0shot|19_ReLU|Qwen/Qwen3-Coder-30B-A3B-Instruct|0,19_ReLU,Qwen/Qwen3-Coder-30B-A3B-Instruct,0,7,1,0,generated
ptx|0shot|19_ReLU|Qwen/Qwen3-Coder-30B-A3B-Instruct|0,19_ReLU,Qwen/Qwen3-Coder-30B-A3B-Instruct,0,8,1,0,generated
ptx|0shot|19_ReLU|Qwen/Qwen3-Coder-30B-A3B-Instruct|0,19_ReLU,Qwen/Qwen3-Coder-30B-A3B-Instruct,0,9,1,0,generated
ptx|0shot|19_ReLU|Qwen/Qwen3-Coder-30B-A3B-Instruct|0,19_ReLU,Qwen/Qwen3-Coder-30B-A3B-Instruct,0,10,1,0,generated
ptx|0shot|19_ReLU|Qwen/Qwen3-Coder-30B-A3B-Instruct|0,19_ReLU,Qwen/Qwen3-Coder-30B-A3B-Instruct,0,11,1,0,generated
ptx|0shot|19_ReLU|Qwen/Qwen3-Coder-30B-A3B-Instruct|0,19_ReLU,Qwen/Qwen3-Coder-30B-A3B-Instruct,0,12,1,0,generated
ptx|0shot|19_ReLU|Qwen/Qwen3-Coder-30B-A3B-Instruct|0,19_ReLU,Qwen/Qwen3-Coder-30B-A3B-Instruct,0,13,1,0,generated
ptx|0shot|19_ReLU|Qwen/Qwen3-Coder-30B-A3B-Instruct|0,19_ReLU,Qwen/Qwen3-Coder-30B-A3B-Instruct,0,14,1,0,generated
ptx|0shot|19_ReLU|Qwen/Qwen3-Coder-30B-A3B-Instruct|0,19_ReLU,Qwen/Qwen3-Coder-30B-A3B-Instruct,0,15,1,0,generated
ptx|0shot|19_ReLU|Qwen/Qwen3-Coder-30B-A3B-Instruct|0,19_ReLU,Qwen/Qwen3-Coder-30B-A3B-Instruct,0,16,1,0,generated
ptx|0shot|19_ReLU|Qwen/Qwen3-Coder-30B-A3B-Instruct|0,19_ReLU,Qwen/Qwen3-Coder-30B-A3B-Instruct,0,17,1,0,generated
ptx|0shot|19_ReLU|Qwen/Qwen3-Coder-30B-A3B-Instruct|0,19_ReLU,Qwen/Qwen3-Coder-30B-A3B-Instruct,0,18,1,0,generated
ptx|0shot|19_ReLU|Qwen/Qwen3-Coder-30B-A3B-Instruct|0,19_ReLU,Qwen/Qwen3-Coder-30B-A3B-Instruct,0,19,1,0,generated
ptx|0shot|19_ReLU|Qwen/Qwen3-Coder-30B-A3B-Instruct|0,19_ReLU,Qwen/Qwen3-Coder-30B-A3B-Instruct,0,20,1,0,generated
ptx|0shot|19_ReLU|Qwen/Qwen3-Coder-30B-A3B-Instruct|0,19_ReLU,Qwen/Qwen3-Coder-30B-A3B-Instruct,0,21,1,0,generated
ptx|0shot|19_ReLU|Qwen/Qwen3-Coder-30B-A3B-Instruct|0,19_ReLU,Qwen/Qwen3-Coder-30B-A3B-Instruct,0,22,1,0,generated
ptx|0shot|19_ReLU|Qwen/Qwen3-Coder-30B-A3B-Instruct|0,19_ReLU,Qwen/Qwen3-Coder-30B-A3B-Instruct,0,23,1,0,generated
ptx|0shot|19_ReLU|Qwen/Qwen3-Coder-30B-A3B-Instruct|0,19_ReLU,Qwen/Qwen3-Coder-30B-A3B-Instruct,0,24,1,0,generated
ptx|0shot|19_ReLU|Qwen/Qwen3-Coder-30B-A3B-Instruct|0,19_ReLU,Qwen/Qwen3-Coder-30B-A3B-Instruct,0,25,1,0,generated
ptx|0shot|19_ReLU|Qwen/Qwen3-Coder-30B-A3B-Instruct|0,19_ReLU,Qwen/Qwen3-Coder-30B-A3B-Instruct,0,26,1,0,generated
ptx|0shot|19_ReLU|Qwen/Qwen3-Coder-30B-A3B-Instruct|0,19_ReLU,Qwen/Qwen3-Coder-30B-A3B-Instruct,0,27,1,0,generated
ptx|0shot|19_ReLU|Qwen/Qwen3-Coder-30B-A3B-Instruct|0,19_ReLU,Qwen/Qwen3-Coder-30B-A3B-Instruct,0,28,1,0,generated
ptx|0shot|19_ReLU|Qwen/Qwen3-Coder-30B-A3B-Instruct|0,19_ReLU,Qwen/Qwen3-Coder-30B-A3B-Instruct,0,29,1,0,generated
ptx|0shot|19_ReLU|Qwen/Qwen3-Coder-30B-A3B-Instruct|0,19_ReLU,Qwen/Qwen3-Coder-30B-A3B-Instruct,0,30,1,0,generated
ptx|0shot|19_ReLU|Qwen/Qwen3-Coder-30B-A3B-Instruct|0,19_ReLU,Qwen/Qwen3-Coder-30B-A3B-Instruct,0,31,1,0,generated
ptx|0shot|19_ReLU|Qwen/Qwen3-Coder-30B-A3B-Instruct|0,19_ReLU,Qwen/Qwen3-Coder-30B-A3B-Instruct,0,32,1,0,generated
ptx|0shot|19_ReLU|Qwen/Qwen3-Coder-30B-A3B-Instruct|0,19_ReLU,Qwen/Qwen3-Coder-30B-A3B-Instruct,0,33,1,0,generated
ptx|0shot|19_ReLU|Qwen/Qwen3-Coder-30B-A3B-Instruct|0,19_ReLU,Qwen/Qwen3-Coder-30B-A3B-Instruct,0,34,1,0,generated
ptx|0shot|19_ReLU|Qwen/Qwen3-Coder-30B-A3B-Instruct|0,19_ReLU,Qwen/Qwen3-Coder-30B-A3B-Instruct,0,35,1,0,generated
ptx|0shot|19_ReLU|Qwen/Qwen3-Coder-30B-A3B-Instruct|0,19_ReLU,Qwen/Qwen3-Coder-30B-A3B-Instruct,0,36,1,0,generated
ptx|0shot|19_ReLU|Qwen/Qwen3-Coder-30B-A3B-Instruct|0,19_ReLU,Qwen/Qwen3-Coder-30B-A3B-Instruct,0,37,1,0,generated
ptx|0shot|19_ReLU|Qwen/Qwen3-Coder-30B-A3B-Instruct|0,19_ReLU,Qwen/Qwen3-Coder-30B-A3B-Instruct,0,38,1,0,generated
ptx|0shot|19_ReLU|Qwen/Qwen3-Coder-30B-A3B-Instruct|0,19_ReLU,Qwen/Qwen3-Coder-30B-A3B-Instruct,0,39,1,0,generated
ptx|0shot|19_ReLU|Qwen/Qwen3-Coder-30B-A3B-Instruct|0,19_ReLU,Qwen/Qwen3-Coder-30B-A3B-Instruct,0,40,1,0,generated
ptx|0shot|19_ReLU|Qwen/Qwen3-Coder-30B-A3B-Instruct|0,19_ReLU,Qwen/Qwen3-Coder-30B-A3B-Instruct,0,41,1,0,generated
ptx|0shot|19_ReLU|Qwen/Qwen3-Coder-30B-A3B-Instruct|0,19_ReLU,Qwen/Qwen3-Coder-30B-A3B-Instruct,0,42,1,0,generated
ptx|0shot|19_ReLU|Qwen/Qwen3-Coder-30B-A3B-Instruct|0,19_ReLU,Qwen/Qwen3-Coder-30B-A3B-Instruct,0,43,1,0,generated
ptx|0shot|19_ReLU|Qwen/Qwen3-Coder-30B-A3B-Instruct|0,19_ReLU,Qwen/Qwen3-Coder-30B-A3B-Instruct,0,44,1,0,generated
ptx|0shot|19_ReLU|Qwen/Qwen3-Coder-30B-A3B-Instruct|0,19_ReLU,Qwen/Qwen3-Coder-30B-A3B-Instruct,0,45,1,0,generated
ptx|0shot|19_ReLU|Qwen/Qwen3-Coder-30B-A3B-Instruct|0,19_ReLU,Qwen/Qwen3-Coder-30B-A3B-Instruct,0,46,1,0,generated
ptx|0shot|19_ReLU|Qwen/Qwen3-Coder-30B-A3B-Instruct|0,19_ReLU,Qwen/Qwen3-Coder-30B-A3B-Instruct,0,47,1,0,generated
ptx|0shot|19_ReLU|Qwen/Qwen3-Coder-30B-A3B-Instruct|0,19_ReLU,Qwen/Qwen3-Coder-30B-A3B-Instruct,0,48,1,0,generated
ptx|0shot|19_ReLU|Qwen/Qwen3-Coder-30B-A3B-Instruct|0,19_ReLU,Qwen/Qwen3-Coder-30B-A3B-Instruct,0,49,1,0,generated
ptx|0shot|19_ReLU|Qwen/Qwen3-Coder-30B-A3B-Instruct|0,19_ReLU,Qwen/Qwen3-Coder-30B-A3B-Instruct,0,50,1,0,generated
ptx|0shot|19_ReLU|Qwen/Qwen3-Coder-30B-A3B-Instruct|0,19_ReLU,Qwen/Qwen3-Coder-30B-A3B-Instruct,0,51,1,0,generated
ptx|0shot|19_ReLU|Qwen/Qwen3-Coder-30B-A3B-Instruct|0,19_ReLU,Qwen/Qwen3-Coder-30B-A3B-Instruct,0,52,1,0,generated
ptx|0shot|19_ReLU|Qwen/Qwen3-Coder-30B-A3B-Instruct|0,19_ReLU,Qwen/Qwen3-Coder-30B-A3B-Instruct,0,53,1,0,generated
ptx|0shot|19_ReLU|Qwen/Qwen3-Coder-30B-A3B-Instruct|0,19_ReLU,Qwen/Qwen3-Coder-30B-A3B-Instruct,0,54,1,0,generated
ptx|0shot|19_ReLU|Qwen/Qwen3-Coder-30B-A3B-Instruct|0,19_ReLU,Qwen/Qwen3-Coder-30B-A3B-Instruct,0,55,1,0,generated
ptx|0shot|19_ReLU|Qwen/Qwen3-Coder-30B-A3B-Instruct|0,19_ReLU,Qwen/Qwen3-Coder-30B-A3B-Instruct,0,56,1,0,generated
ptx|0shot|19_ReLU|Qwen/Qwen3-Coder-30B-A3B-Instruct|0,19_ReLU,Qwen/Qwen3-Coder-30B-A3B-Instruct,0,57,1,0,generated
ptx|0shot|19_ReLU|Qwen/Qwen3-Coder-30B-A3B-Instruct|0,19_ReLU,Qwen/Qwen3-Coder-30B-A3B-Instruct,0,58,1,0,generated
ptx|0shot|19_ReLU|Qwen/Qwen3-Coder-30B-A3B-Instruct|0,19_ReLU,Qwen/Qwen3-Coder-30B-A3B-Instruct,0,59,1,0,generated
ptx|0shot|19_ReLU|Qwen/Qwen3-Coder-30B-A3B-Instruct|0,19_ReLU,Qwen/Qwen3-Coder-30B-A3B-Instruct,0,60,1,0,generated
ptx|0shot|19_ReLU|Qwen/Qwen3-Coder-30B-A3B-Instruct|0,19_ReLU,Qwen/Qwen3-Coder-30B-A3B-Instruct,0,61,1,0,generated
ptx|0shot|19_ReLU|Qwen/Qwen3-Coder-30B-A3B-Instruct|0,19_ReLU,Qwen/Qwen3-Coder-30B-A3B-Instruct,0,62,1,0,generated
ptx|0shot|19_ReLU|Qwen/Qwen3-Coder-30B-A3B-Instruct|0,19_ReLU,Qwen/Qwen3-Coder-30B-A3B-Instruct,0,63,1,0,generated
ptx|0shot|19_ReLU|Qwen/Qwen3-Coder-30B-A3B-Instruct|0,19_ReLU,Qwen/Qwen3-Coder-30B-A3B-Instruct,0,64,1,0,generated
ptx|0shot|19_ReLU|Qwen/Qwen3-Coder-30B-A3B-Instruct|0,19_ReLU,Qwen/Qwen3-Coder-30B-A3B-Instruct,0,65,1,0,generated
ptx|0shot|19_ReLU|Qwen/Qwen3-Coder-30B-A3B-Instruct|0,19_ReLU,Qwen/Qwen3-Coder-30B-A3B-Instruct,0,66,1,0,generated
ptx|0shot|19_ReLU|Qwen/Qwen3-Coder-30B-A3B-Instruct|0,19_ReLU,Qwen/Qwen3-Coder-30B-A3B-Instruct,0,67,1,0,generated
ptx|0shot|19_ReLU|Qwen/Qwen3-Coder-30B-A3B-Instruct|0,19_ReLU,Qwen/Qwen3-Coder-30B-A3B-Instruct,0,68,1,0,generated
ptx|0shot|19_ReLU|Qwen/Qwen3-Coder-30B-A3B-Instruct|0,19_ReLU,Qwen/Qwen3-Coder-30B-A3B-Instruct,0,69,1,0,generated
ptx|0shot|19_ReLU|Qwen/Qwen3-Coder-30B-A3B-Instruct|0,19_ReLU,Qwen/Qwen3-Coder-30B-A3B-Instruct,0,70,1,0,generated
ptx|0shot|19_ReLU|Qwen/Qwen3-Coder-30B-A3B-Instruct|0,19_ReLU,Qwen/Qwen3-Coder-30B-A3B-Instruct,0,71,1,0,generated
ptx|0shot|19_ReLU|Qwen/Qwen3-Coder-30B-A3B-Instruct|0,19_ReLU,Qwen/Qwen3-Coder-30B-A3B-Instruct,0,72,1,0,generated
ptx|0shot|19_ReLU|Qwen/Qwen3-Coder-30B-A3B-Instruct|0,19_ReLU,Qwen/Qwen3-Coder-30B-A3B-Instruct,0,73,1,0,generated
ptx|0shot|19_ReLU|Qwen/Qwen3-Coder-30B-A3B-Instruct|0,19_ReLU,Qwen/Qwen3-Coder-30B-A3B-Instruct,0,74,1,0,generated
ptx|0shot|19_ReLU|Qwen/Qwen3-Coder-30B-A3B-Instruct|0,19_ReLU,Qwen/Qwen3-Coder-30B-A3B-Instruct,0,75,1,0,generated
ptx|0shot|19_ReLU|Qwen/Qwen3-Coder-30B-A3B-Instruct|0,19_ReLU,Qwen/Qwen3-Coder-30B-A3B-Instruct,0,76,1,0,generated
ptx|0shot|19_ReLU|Qwen/Qwen3-Coder-30B-A3B-Instruct|0,19_ReLU,Qwen/Qwen3-Coder-30B-A3B-Instruct,0,77,1,0,generated
ptx|0shot|19_ReLU|Qwen/Qwen3-Coder-30B-A3B-Instruct|0,19_ReLU,Qwen/Qwen3-Coder-30B-A3B-Instruct,0,78,1,0,generated
ptx|0shot|19_ReLU|Qwen/Qwen3-Coder-30B-A3B-Instruct|0,19_ReLU,Qwen/Qwen3-Coder-30B-A3B-Instruct,0,79,1,0,generated
ptx|0shot|19_ReLU|Qwen/Qwen3-Coder-30B-A3B-Instruct|0,19_ReLU,Qwen/Qwen3-Coder-30B-A3B-Instruct,0,80,1,0,generated
ptx|0shot|19_ReLU|Qwen/Qwen3-Coder-30B-A3B-Instruct|0,19_ReLU,Qwen/Qwen3-Coder-30B-A3B-Instruct,0,81,1,0,generated
ptx|0shot|19_ReLU|Qwen/Qwen3-Coder-30B-A3B-Instruct|0,19_ReLU,Qwen/Qwen3-Coder-30B-A3B-Instruct,0,82,1,0,generated
ptx|0shot|19_ReLU|Qwen/Qwen3-Coder-30B-A3B-Instruct|0,19_ReLU,Qwen/Qwen3-Coder-30B-A3B-Instruct,0,83,1,0,generated
ptx|0shot|19_ReLU|Qwen/Qwen3-Coder-30B-A3B-Instruct|0,19_ReLU,Qwen/Qwen3-Coder-30B-A3B-Instruct,0,84,1,0,generated
ptx|0shot|19_ReLU|Qwen/Qwen3-Coder-30B-A3B-Instruct|0,19_ReLU,Qwen/Qwen3-Coder-30B-A3B-Instruct,0,85,1,0,generated
ptx|0shot|19_ReLU|Qwen/Qwen3-Coder-30B-A3B-Instruct|0,19_ReLU,Qwen/Qwen3-Coder-30B-A3B-Instruct,0,86,1,0,generated
ptx|0shot|19_ReLU|Qwen/Qwen3-Coder-30B-A3B-Instruct|0,19_ReLU,Qwen/Qwen3-Coder-30B-A3B-Instruct,0,87,1,0,generated
ptx|0shot|19_ReLU|Qwen/Qwen3-Coder-30B-A3B-Instruct|0,19_ReLU,Qwen/Qwen3-Coder-30B-A3B-Instruct,0,88,1,0,generated
ptx|0shot|19_ReLU|Qwen/Qwen3-Coder-30B-A3B-Instruct|0,19_ReLU,Qwen/Qwen3-Coder-30B-A3B-Instruct,0,89,1,0,generated
ptx|0shot|19_ReLU|Qwen/Qwen3-Coder-30B-A3B-Instruct|0,19_ReLU,Qwen/Qwen3-Coder-30B-A3B-Instruct,0,90,1,0,generated
ptx|0shot|19_ReLU|Qwen/Qwen3-Coder-30B-A3B-Instruct|0,19_ReLU,Qwen/Qwen3-Coder-30B-A3B-Instruct,0,91,1,0,generated
ptx|0shot|19_ReLU|Qwen/Qwen3-Coder-30B-A3B-Instruct|0,19_ReLU,Qwen/Qwen3-Coder-30B-A3B-Instruct,0,92,1,0,generated
ptx|0shot|19_ReLU|Qwen/Qwen3-Coder-30B-A3B-Instruct|0,19_ReLU,Qwen/Qwen3-Coder-30B-A3B-Instruct,0,93,1,0,generated
ptx|0shot|19_ReLU|Qwen/Qwen3-Coder-30B-A3B-Instruct|0,19_ReLU,Qwen/Qwen3-Coder-30B-A3B-Instruct,0,94,1,0,generated
ptx|0shot|19_ReLU|Qwen/Qwen3-Coder-30B-A3B-Instruct|0,19_ReLU,Qwen/Qwen3-Coder-30B-A3B-Instruct,0,95,1,0,generated
ptx|0shot|19_ReLU|Qwen/Qwen3-Coder-30B-A3B-Instruct|0,19_ReLU,Qwen/Qwen3-Coder-30B-A3B-Instruct,0,96,1,0,generated
ptx|0shot|19_ReLU|Qwen/Qwen3-Coder-30B-A3B-Instruct|0,19_ReLU,Qwen/Qwen3-Coder-30B-A3B-Instruct,0,97,1,0,generated
ptx|0shot|19_ReLU|Qwen/Qwen3-Coder-30B-A3B-Instruct|0,19_ReLU,Qwen/Qwen3-Coder-30B-A3B-Instruct,0,98,1,0,generated
ptx|0shot|19_ReLU|Qwen/Qwen3-Coder-30B-A3B-Instruct|0,19_ReLU,Qwen/Qwen3-Coder-30B-A3B-Instruct,0,99,1,0,generated
ptx|0shot|19_ReLU|Qwen/Qwen3-Coder-30B-A3B-Instruct|0,19_ReLU,Qwen/Qwen3-Coder-30B-A3B-Instruct,0,100,1,0,generated
ptx|0shot|19_ReLU|Qwen/Qwen3-Coder-30B-A3B-Instruct|1,19_ReLU,Qwen/Qwen3-Coder-30B-A3B-Instruct,1,1,1,0,generated
ptx|0shot|19_ReLU|Qwen/Qwen3-Coder-30B-A3B-Instruct|1,19_ReLU,Qwen/Qwen3-Coder-30B-A3B-Instruct,1,2,1,0,generated
ptx|0shot|19_ReLU|Qwen/Qwen3-Coder-30B-A3B-Instruct|1,19_ReLU,Qwen/Qwen3-Coder-30B-A3B-Instruct,1,3,1,0,generated
ptx|0shot|19_ReLU|Qwen/Qwen3-Coder-30B-A3B-Instruct|1,19_ReLU,Qwen/Qwen3-Coder-30B-A3B-Instruct,1,4,1,0,generated
ptx|0shot|19_ReLU|Qwen/Qwen3-Coder-30B-A3B-Instruct|1,19_ReLU,Qwen/Qwen3-Coder-30B-A3B-Instruct,1,5,1,0,generated
ptx|0shot|19_ReLU|Qwen/Qwen3-Coder-30B-A3B-Instruct|1,19_ReLU,Qwen/Qwen3-Coder-30B-A3B-Instruct,1,6,1,0,generated
ptx|0shot|19_ReLU|Qwen/Qwen3-Coder-30B-A3B-Instruct|1,19_ReLU,Qwen/Qwen3-Coder-30B-A3B-Instruct,1,7,1,0,generated
ptx|0shot|19_ReLU|Qwen/Qwen3-Coder-30B-A3B-Instruct|1,19_ReLU,Qwen/Qwen3-Coder-30B-A3B-Instruct,1,8,1,0,generated
ptx|0shot|19_ReLU|Qwen/Qwen3-Coder-30B-A3B-Instruct|1,19_ReLU,Qwen/Qwen3-Coder-30B-A3B-Instruct,1,9,1,0,generated
ptx|0shot|19_ReLU|Qwen/Qwen3-Coder-30B-A3B-Instruct|1,19_ReLU,Qwen/Qwen3-Coder-30B-A3B-Instruct,1,10,1,0,generated
ptx|0shot|19_ReLU|Qwen/Qwen3-Coder-30B-A3B-Instruct|1,19_ReLU,Qwen/Qwen3-Coder-30B-A3B-Instruct,1,11,1,0,generated
ptx|0shot|19_ReLU|Qwen/Qwen3-Coder-30B-A3B-Instruct|1,19_ReLU,Qwen/Qwen3-Coder-30B-A3B-Instruct,1,12,1,0,generated
ptx|0shot|19_ReLU|Qwen/Qwen3-Coder-30B-A3B-Instruct|1,19_ReLU,Qwen/Qwen3-Coder-30B-A3B-Instruct,1,13,1,0,generated
ptx|0shot|19_ReLU|Qwen/Qwen3-Coder-30B-A3B-Instruct|1,19_ReLU,Qwen/Qwen3-Coder-30B-A3B-Instruct,1,14,1,0,generated
ptx|0shot|19_ReLU|Qwen/Qwen3-Coder-30B-A3B-Instruct|1,19_ReLU,Qwen/Qwen3-Coder-30B-A3B-Instruct,1,15,1,0,generated
ptx|0shot|19_ReLU|Qwen/Qwen3-Coder-30B-A3B-Instruct|1,19_ReLU,Qwen/Qwen3-Coder-30B-A3B-Instruct,1,16,1,0,generated
ptx|0shot|19_ReLU|Qwen/Qwen3-Coder-30B-A3B-Instruct|1,19_ReLU,Qwen/Qwen3-Coder-30B-A3B-Instruct,1,17,1,0,generated
ptx|0shot|19_ReLU|Qwen/Qwen3-Coder-30B-A3B-Instruct|1,19_ReLU,Qwen/Qwen3-Coder-30B-A3B-Instruct,1,18,1,0,generated
ptx|0shot|19_ReLU|Qwen/Qwen3-Coder-30B-A3B-Instruct|1,19_ReLU,Qwen/Qwen3-Coder-30B-A3B-Instruct,1,19,1,0,generated
ptx|0shot|19_ReLU|Qwen/Qwen3-Coder-30B-A3B-Instruct|1,19_ReLU,Qwen/Qwen3-Coder-30B-A3B-Instruct,1,20,1,0,generated
ptx|0shot|19_ReLU|Qwen/Qwen3-Coder-30B-A3B-Instruct|1,19_ReLU,Qwen/Qwen3-Coder-30B-A3B-Instruct,1,21,1,0,generated
ptx|0shot|19_ReLU|Qwen/Qwen3-Coder-30B-A3B-Instruct|1,19_ReLU,Qwen/Qwen3-Coder-30B-A3B-Instruct,1,22,1,0,generated
ptx|0shot|19_ReLU|Qwen/Qwen3-Coder-30B-A3B-Instruct|1,19_ReLU,Qwen/Qwen3-Coder-30B-A3B-Instruct,1,23,1,0,generated
ptx|0shot|19_ReLU|Qwen/Qwen3-Coder-30B-A3B-Instruct|1,19_ReLU,Qwen/Qwen3-Coder-30B-A3B-Instruct,1,24,1,0,generated
ptx|0shot|19_ReLU|Qwen/Qwen3-Coder-30B-A3B-Instruct|1,19_ReLU,Qwen/Qwen3-Coder-30B-A3B-Instruct,1,25,1,0,generated
ptx|0shot|19_ReLU|Qwen/Qwen3-Coder-30B-A3B-Instruct|1,19_ReLU,Qwen/Qwen3-Coder-30B-A3B-Instruct,1,26,1,0,generated
ptx|0shot|19_ReLU|Qwen/Qwen3-Coder-30B-A3B-Instruct|1,19_ReLU,Qwen/Qwen3-Coder-30B-A3B-Instruct,1,27,1,0,generated
ptx|0shot|19_ReLU|Qwen/Qwen3-Coder-30B-A3B-Instruct|1,19_ReLU,Qwen/Qwen3-Coder-30B-A3B-Instruct,1,28,1,0,generated
ptx|0shot|19_ReLU|Qwen/Qwen3-Coder-30B-A3B-Instruct|1,19_ReLU,Qwen/Qwen3-Coder-30B-A3B-Instruct,1,29,1,0,generated
ptx|0shot|19_ReLU|Qwen/Qwen3-Coder-30B-A3B-Instruct|1,19_ReLU,Qwen/Qwen3-Coder-30B-A3B-Instruct,1,30,1,0,generated
ptx|0shot|19_ReLU|Qwen/Qwen3-Coder-30B-A3B-Instruct|1,19_ReLU,Qwen/Qwen3-Coder-30B-A3B-Instruct,1,31,1,0,generated
ptx|0shot|19_ReLU|Qwen/Qwen3-Coder-30B-A3B-Instruct|1,19_ReLU,Qwen/Qwen3-Coder-30B-A3B-Instruct,1,32,1,0,generated
ptx|0shot|19_ReLU|Qwen/Qwen3-Coder-30B-A3B-Instruct|1,19_ReLU,Qwen/Qwen3-Coder-30B-A3B-Instruct,1,33,1,0,generated
ptx|0shot|19_ReLU|Qwen/Qwen3-Coder-30B-A3B-Instruct|1,19_ReLU,Qwen/Qwen3-Coder-30B-A3B-Instruct,1,34,1,0,generated
ptx|0shot|19_ReLU|Qwen/Qwen3-Coder-30B-A3B-Instruct|1,19_ReLU,Qwen/Qwen3-Coder-30B-A3B-Instruct,1,35,1,0,generated
ptx|0shot|19_ReLU|Qwen/Qwen3-Coder-30B-A3B-Instruct|1,19_ReLU,Qwen/Qwen3-Coder-30B-A3B-Instruct,1,36,1,0,generated
ptx|0shot|19_ReLU|Qwen/Qwen3-Coder-30B-A3B-Instruct|1,19_ReLU,Qwen/Qwen3-Coder-30B-A3B-Instruct,1,37,1,0,generated
ptx|0shot|19_ReLU|Qwen/Qwen3-Coder-30B-A3B-Instruct|1,19_ReLU,Qwen/Qwen3-Coder-30B-A3B-Instruct,1,38,1,0,generated
ptx|0shot|19_ReLU|Qwen/Qwen3-Coder-30B-A3B-Instruct|1,19_ReLU,Qwen/Qwen3-Coder-30B-A3B-Instruct,1,39,1,0,generated
ptx|0shot|19_ReLU|Qwen/Qwen3-Coder-30B-A3B-Instruct|1,19_ReLU,Qwen/Qwen3-Coder-30B-A3B-Instruct,1,40,1,0,generated
ptx|0shot|19_ReLU|Qwen/Qwen3-Coder-30B-A3B-Instruct|1,19_ReLU,Qwen/Qwen3-Coder-30B-A3B-Instruct,1,41,1,0,generated
ptx|0shot|19_ReLU|Qwen/Qwen3-Coder-30B-A3B-Instruct|1,19_ReLU,Qwen/Qwen3-Coder-30B-A3B-Instruct,1,42,1,0,generated
ptx|0shot|19_ReLU|Qwen/Qwen3-Coder-30B-A3B-Instruct|1,19_ReLU,Qwen/Qwen3-Coder-30B-A3B-Instruct,1,43,1,0,generated
ptx|0shot|19_ReLU|Qwen/Qwen3-Coder-30B-A3B-Instruct|1,19_ReLU,Qwen/Qwen3-Coder-30B-A3B-Instruct,1,44,1,0,generated
ptx|0shot|19_ReLU|Qwen/Qwen3-Coder-30B-A3B-Instruct|1,19_ReLU,Qwen/Qwen3-Coder-30B-A3B-Instruct,1,45,1,0,generated
ptx|0shot|19_ReLU|Qwen/Qwen3-Coder-30B-A3B-Instruct|1,19_ReLU,Qwen/Qwen3-Coder-30B-A3B-Instruct,1,46,1,0,generated
ptx|0shot|19_ReLU|Qwen/Qwen3-Coder-30B-A3B-Instruct|1,19_ReLU,Qwen/Qwen3-Coder-30B-A3B-Instruct,1,47,1,0,generated
ptx|0shot|19_ReLU|Qwen/Qwen3-Coder-30B-A3B-Instruct|1,19_ReLU,Qwen/Qwen3-Coder-30B-A3B-Instruct,1,48,1,0,generated
ptx|0shot|19_ReLU|Qwen/Qwen3-Coder-30B-A3B-Instruct|1,19_ReLU,Qwen/Qwen3-Coder-30B-A3B-Instruct,1,49,1,0,generated
ptx|0shot|19_ReLU|Qwen/Qwen3-Coder-30B-A3B-Instruct|1,19_ReLU,Qwen/Qwen3-Coder-30B-A3B-Instruct,1,50,1,0,generated
ptx|0shot|19_ReLU|Qwen/Qwen3-Coder-30B-A3B-Instruct|1,19_ReLU,Qwen/Qwen3-Coder-30B-A3B-Instruct,1,51,1,0,generated
ptx|0shot|19_ReLU|Qwen/Qwen3-Coder-30B-A3B-Instruct|1,19_ReLU,Qwen/Qwen3-Coder-30B-A3B-Instruct,1,52,1,0,generated
ptx|0shot|19_ReLU|Qwen/Qwen3-Coder-30B-A3B-Instruct|1,19_ReLU,Qwen/Qwen3-Coder-30B-A3B-Instruct,1,53,1,0,generated
ptx|0shot|19_ReLU|Qwen/Qwen3-Coder-30B-A3B-Instruct|1,19_ReLU,Qwen/Qwen3-Coder-30B-A3B-Instruct,1,54,1,0,generated
ptx|0shot|19_ReLU|Qwen/Qwen3-Coder-30B-A3B-Instruct|1,19_ReLU,Qwen/Qwen3-Coder-30B-A3B-Instruct,1,55,1,0,generated
ptx|0shot|19_ReLU|Qwen/Qwen3-Coder-30B-A3B-Instruct|1,19_ReLU,Qwen/Qwen3-Coder-30B-A3B-Instruct,1,56,1,0,generated
ptx|0shot|19_ReLU|Qwen/Qwen3-Coder-30B-A3B-Instruct|1,19_ReLU,Qwen/Qwen3-Coder-30B-A3B-Instruct,1,57,1,0,generated
ptx|0shot|19_ReLU|Qwen/Qwen3-Coder-30B-A3B-Instruct|1,19_ReLU,Qwen/Qwen3-Coder-30B-A3B-Instruct,1,58,1,0,generated
ptx|0shot|19_ReLU|Qwen/Qwen3-Coder-30B-A3B-Instruct|1,19_ReLU,Qwen/Qwen3-Coder-30B-A3B-Instruct,1,59,1,0,generated
ptx|0shot|19_ReLU|Qwen/Qwen3-Coder-30B-A3B-Instruct|1,19_ReLU,Qwen/Qwen3-Coder-30B-A3B-Instruct,1,60,1,0,generated
ptx|0shot|19_ReLU|Qwen/Qwen3-Coder-30B-A3B-Instruct|1,19_ReLU,Qwen/Qwen3-Coder-30B-A3B-Instruct,1,61,1,0,generated
ptx|0shot|19_ReLU|Qwen/Qwen3-Coder-30B-A3B-Instruct|1,19_ReLU,Qwen/Qwen3-Coder-30B-A3B-Instruct,1,62,1,0,generated
ptx|0shot|19_ReLU|Qwen/Qwen3-Coder-30B-A3B-Instruct|1,19_ReLU,Qwen/Qwen3-Coder-30B-A3B-Instruct,1,63,1,0,generated
ptx|0shot|19_ReLU|Qwen/Qwen3-Coder-30B-A3B-Instruct|1,19_ReLU,Qwen/Qwen3-Coder-30B-A3B-Instruct,1,64,1,0,generated
ptx|0shot|19_ReLU|Qwen/Qwen3-Coder-30B-A3B-Instruct|1,19_ReLU,Qwen/Qwen3-Coder-30B-A3B-Instruct,1,65,1,0,generated
ptx|0shot|19_ReLU|Qwen/Qwen3-Coder-30B-A3B-Instruct|1,19_ReLU,Qwen/Qwen3-Coder-30B-A3B-Instruct,1,66,1,0,generated
ptx|0shot|19_ReLU|Qwen/Qwen3-Coder-30B-A3B-Instruct|1,19_ReLU,Qwen/Qwen3-Coder-30B-A3B-Instruct,1,67,1,0,generated
ptx|0shot|19_ReLU|Qwen/Qwen3-Coder-30B-A3B-Instruct|1,19_ReLU,Qwen/Qwen3-Coder-30B-A3B-Instruct,1,68,1,0,generated
ptx|0shot|19_ReLU|Qwen/Qwen3-Coder-30B-A3B-Instruct|1,19_ReLU,Qwen/Qwen3-Coder-30B-A3B-Instruct,1,69,1,0,generated
ptx|0shot|19_ReLU|Qwen/Qwen3-Coder-30B-A3B-Instruct|1,19_ReLU,Qwen/Qwen3-Coder-30B-A3B-Instruct,1,70,1,0,generated
ptx|0shot|19_ReLU|Qwen/Qwen3-Coder-30B-A3B-Instruct|1,19_ReLU,Qwen/Qwen3-Coder-30B-A3B-Instruct,1,71,1,0,generated
ptx|0shot|19_ReLU|Qwen/Qwen3-Coder-30B-A3B-Instruct|1,19_ReLU,Qwen/Qwen3-Coder-30B-A3B-Instruct,1,72,1,0,generated
ptx|0shot|19_ReLU|Qwen/Qwen3-Coder-30B-A3B-Instruct|1,19_ReLU,Qwen/Qwen3-Coder-30B-A3B-Instruct,1,73,1,0,generated
ptx|0shot|19_ReLU|Qwen/Qwen3-Coder-30B-A3B-Instruct|1,19_ReLU,Qwen/Qwen3-Coder-30B-A3B-Instruct,1,74,1,0,generated
ptx|0shot|19_ReLU|Qwen/Qwen3-Coder-30B-A3B-Instruct|1,19_ReLU,Qwen/Qwen3-Coder-30B-A3B-Instruct,1,75,1,0,generated
ptx|0shot|19_ReLU|Qwen/Qwen3-Coder-30B-A3B-Instruct|1,19_ReLU,Qwen/Qwen3-Coder-30B-A3B-Instruct,1,76,1,0,generated
ptx|0shot|19_ReLU|Qwen/Qwen3-Coder-30B-A3B-Instruct|1,19_ReLU,Qwen/Qwen3-Coder-30B-A3B-Instruct,1,77,1,0,generated
ptx|0shot|19_ReLU|Qwen/Qwen3-Coder-30B-A3B-Instruct|1,19_ReLU,Qwen/Qwen3-Coder-30B-A3B-Instruct,1,78,1,0,generated
ptx|0shot|19_ReLU|Qwen/Qwen3-Coder-30B-A3B-Instruct|1,19_ReLU,Qwen/Qwen3-Coder-30B-A3B-Instruct,1,79,1,0,generated
ptx|0shot|19_ReLU|Qwen/Qwen3-Coder-30B-A3B-Instruct|1,19_ReLU,Qwen/Qwen3-Coder-30B-A3B-Instruct,1,80,1,0,generated
ptx|0shot|19_ReLU|Qwen/Qwen3-Coder-30B-A3B-Instruct|1,19_ReLU,Qwen/Qwen3-Coder-30B-A3B-Instruct,1,81,1,0,generated
ptx|0shot|19_ReLU|Qwen/Qwen3-Coder-30B-A3B-Instruct|1,19_ReLU,Qwen/Qwen3-Coder-30B-A3B-Instruct,1,82,1,0,generated
ptx|0shot|19_ReLU|Qwen/Qwen3-Coder-30B-A3B-Instruct|1,19_ReLU,Qwen/Qwen3-Coder-30B-A3B-Instruct,1,83,1,0,generated
ptx|0shot|19_ReLU|Qwen/Qwen3-Coder-30B-A3B-Instruct|1,19_ReLU,Qwen/Qwen3-Coder-30B-A3B-Instruct,1,84,1,0,generated
ptx|0shot|19_ReLU|Qwen/Qwen3-Coder-30B-A3B-Instruct|1,19_ReLU,Qwen/Qwen3-Coder-30B-A3B-Instruct,1,85,1,0,generated
ptx|0shot|19_ReLU|Qwen/Qwen3-Coder-30B-A3B-Instruct|1,19_ReLU,Qwen/Qwen3-Coder-30B-A3B-Instruct,1,86,1,0,generated
ptx|0shot|19_ReLU|Qwen/Qwen3-Coder-30B-A3B-Instruct|1,19_ReLU,Qwen/Qwen3-Coder-30B-A3B-Instruct,1,87,1,0,generated
ptx|0shot|19_ReLU|Qwen/Qwen3-Coder-30B-A3B-Instruct|1,19_ReLU,Qwen/Qwen3-Coder-30B-A3B-Instruct,1,88,1,0,generated
ptx|0shot|19_ReLU|Qwen/Qwen3-Coder-30B-A3B-Instruct|1,19_ReLU,Qwen/Qwen3-Coder-30B-A3B-Instruct,1,89,1,0,generated
ptx|0shot|19_ReLU|Qwen/Qwen3-Coder-30B-A3B-Instruct|1,19_ReLU,Qwen/Qwen3-Coder-30B-A3B-Instruct,1,90,1,0,generated
ptx|0shot|19_ReLU|Qwen/Qwen3-Coder-30B-A3B-Instruct|1,19_ReLU,Qwen/Qwen3-Coder-30B-A3B-Instruct,1,91,1,0,generated
ptx|0shot|19_ReLU|Qwen/Qwen3-Coder-30B-A3B-Instruct|1,19_ReLU,Qwen/Qwen3-Coder-30B-A3B-Instruct,1,92,1,0,generated
ptx|0shot|19_ReLU|Qwen/Qwen3-Coder-30B-A3B-Instruct|1,19_ReLU,Qwen/Qwen3-Coder-30B-A3B-Instruct,1,93,1,0,generated
ptx|0shot|19_ReLU|Qwen/Qwen3-Coder-30B-A3B-Instruct|1,19_ReLU,Qwen/Qwen3-Coder-30B-A3B-Instruct,1,94,1,0,generated
ptx|0shot|19_ReLU|Qwen/Qwen3-Coder-30B-A3B-Instruct|1,19_ReLU,Qwen/Qwen3-Coder-30B-A3B-Instruct,1,95,1,0,generated
ptx|0shot|19_ReLU|Qwen/Qwen3-Coder-30B-A3B-Instruct|1,19_ReLU,Qwen/Qwen3-Coder-30B-A3B-Instruct,1,96,1,0,generated
ptx|0shot|19_ReLU|Qwen/Qwen3-Coder-30B-A3B-Instruct|1,19_ReLU,Qwen/Qwen3-Coder-30B-A3B-Instruct,1,97,1,0,generated
ptx|0shot|19_ReLU|Qwen/Qwen3-Coder-30B-A3B-Instruct|1,19_ReLU,Qwen/Qwen3-Coder-30B-A3B-Instruct,1,98,1,0,generated
ptx|0shot|19_ReLU|Qwen/Qwen3-Coder-30B-A3B-Instruct|1,19_ReLU,Qwen/Qwen3-Coder-30B-A3B-Instruct,1,99,1,0,generated
ptx|0shot|19_ReLU|Qwen/Qwen3-Coder-30B-A3B-Instruct|1,19_ReLU,Qwen/Qwen3-Coder-30B-A3B-Instruct,1,100,1,0,generated
ptx|0shot|19_ReLU|Qwen/Qwen3-Coder-30B-A3B-Instruct|2,19_ReLU,Qwen/Qwen3-Coder-30B-A3B-Instruct,2,1,0,0,truncated
ptx|0shot|19_ReLU|Qwen/Qwen3-Coder-30B-A3B-Instruct|2,19_ReLU,Qwen/Qwen3-Coder-30B-A3B-Instruct,2,2,0,0,truncated
ptx|0shot|19_ReLU|Qwen/Qwen3-Coder-30B-A3B-Instruct|2,19_ReLU,Qwen/Qwen3-Coder-30B-A3B-Instruct,2,3,1,0,generated
ptx|0shot|19_ReLU|Qwen/Qwen3-Coder-30B-A3B-Instruct|2,19_ReLU,Qwen/Qwen3-Coder-30B-A3B-Instruct,2,4,1,0,generated
ptx|0shot|19_ReLU|Qwen/Qwen3-Coder-30B-A3B-Instruct|2,19_ReLU,Qwen/Qwen3-Coder-30B-A3B-Instruct,2,5,1,0,generated
ptx|0shot|19_ReLU|Qwen/Qwen3-Coder-30B-A3B-Instruct|2,19_ReLU,Qwen/Qwen3-Coder-30B-A3B-Instruct,2,6,1,0,generated
ptx|0shot|19_ReLU|Qwen/Qwen3-Coder-30B-A3B-Instruct|2,19_ReLU,Qwen/Qwen3-Coder-30B-A3B-Instruct,2,7,1,0,generated
ptx|0shot|19_ReLU|Qwen/Qwen3-Coder-30B-A3B-Instruct|2,19_ReLU,Qwen/Qwen3-Coder-30B-A3B-Instruct,2,8,1,0,generated
ptx|0shot|19_ReLU|Qwen/Qwen3-Coder-30B-A3B-Instruct|2,19_ReLU,Qwen/Qwen3-Coder-30B-A3B-Instruct,2,9,1,0,generated
ptx|0shot|19_ReLU|Qwen/Qwen3-Coder-30B-A3B-Instruct|2,19_ReLU,Qwen/Qwen3-Coder-30B-A3B-Instruct,2,10,1,0,generated
ptx|0shot|19_ReLU|Qwen/Qwen3-Coder-30B-A3B-Instruct|2,19_ReLU,Qwen/Qwen3-Coder-30B-A3B-Instruct,2,11,1,0,generated
ptx|0shot|19_ReLU|Qwen/Qwen3-Coder-30B-A3B-Instruct|2,19_ReLU,Qwen/Qwen3-Coder-30B-A3B-Instruct,2,12,1,0,generated
ptx|0shot|19_ReLU|Qwen/Qwen3-Coder-30B-A3B-Instruct|2,19_ReLU,Qwen/Qwen3-Coder-30B-A3B-Instruct,2,13,1,0,generated
ptx|0shot|19_ReLU|Qwen/Qwen3-Coder-30B-A3B-Instruct|2,19_ReLU,Qwen/Qwen3-Coder-30B-A3B-Instruct,2,14,1,0,generated
ptx|0shot|19_ReLU|Qwen/Qwen3-Coder-30B-A3B-Instruct|2,19_ReLU,Qwen/Qwen3-Coder-30B-A3B-Instruct,2,15,1,0,generated
ptx|0shot|19_ReLU|Qwen/Qwen3-Coder-30B-A3B-Instruct|2,19_ReLU,Qwen/Qwen3-Coder-30B-A3B-Instruct,2,16,1,0,generated
ptx|0shot|19_ReLU|Qwen/Qwen3-Coder-30B-A3B-Instruct|2,19_ReLU,Qwen/Qwen3-Coder-30B-A3B-Instruct,2,17,1,0,generated
ptx|0shot|19_ReLU|Qwen/Qwen3-Coder-30B-A3B-Instruct|2,19_ReLU,Qwen/Qwen3-Coder-30B-A3B-Instruct,2,18,1,0,generated
ptx|0shot|19_ReLU|Qwen/Qwen3-Coder-30B-A3B-Instruct|2,19_ReLU,Qwen/Qwen3-Coder-30B-A3B-Instruct,2,19,1,0,generated
ptx|0shot|19_ReLU|Qwen/Qwen3-Coder-30B-A3B-Instruct|2,19_ReLU,Qwen/Qwen3-Coder-30B-A3B-Instruct,2,20,1,0,generated
ptx|0shot|19_ReLU|Qwen/Qwen3-Coder-30B-A3B-Instruct|2,19_ReLU,Qwen/Qwen3-Coder-30B-A3B-Instruct,2,21,1,0,generated
ptx|0shot|19_ReLU|Qwen/Qwen3-Coder-30B-A3B-Instruct|2,19_ReLU,Qwen/Qwen3-Coder-30B-A3B-Instruct,2,22,1,0,generated
ptx|0shot|19_ReLU|Qwen/Qwen3-Coder-30B-A3B-Instruct|2,19_ReLU,Qwen/Qwen3-Coder-30B-A3B-Instruct,2,23,1,0,generated
ptx|0shot|19_ReLU|Qwen/Qwen3-Coder-30B-A3B-Instruct|2,19_ReLU,Qwen/Qwen3-Coder-30B-A3B-Instruct,2,24,1,0,generated
ptx|0shot|19_ReLU|Qwen/Qwen3-Coder-30B-A3B-Instruct|2,19_ReLU,Qwen/Qwen3-Coder-30B-A3B-Instruct,2,25,1,0,generated
ptx|0shot|19_ReLU|Qwen/Qwen3-Coder-30B-A3B-Instruct|2,19_ReLU,Qwen/Qwen3-Coder-30B-A3B-Instruct,2,26,1,0,generated
ptx|0shot|19_ReLU|Qwen/Qwen3-Coder-30B-A3B-Instruct|2,19_ReLU,Qwen/Qwen3-Coder-30B-A3B-Instruct,2,27,1,0,generated
ptx|0shot|19_ReLU|Qwen/Qwen3-Coder-30B-A3B-Instruct|2,19_ReLU,Qwen/Qwen3-Coder-30B-A3B-Instruct,2,28,1,0,generated
ptx|0shot|19_ReLU|Qwen/Qwen3-Coder-30B-A3B-Instruct|2,19_ReLU,Qwen/Qwen3-Coder-30B-A3B-Instruct,2,29,1,0,generated
ptx|0shot|19_ReLU|Qwen/Qwen3-Coder-30B-A3B-Instruct|2,19_ReLU,Qwen/Qwen3-Coder-30B-A3B-Instruct,2,30,1,0,generated
ptx|0shot|19_ReLU|Qwen/Qwen3-Coder-30B-A3B-Instruct|2,19_ReLU,Qwen/Qwen3-Coder-30B-A3B-Instruct,2,31,1,0,generated
ptx|0shot|19_ReLU|Qwen/Qwen3-Coder-30B-A3B-Instruct|2,19_ReLU,Qwen/Qwen3-Coder-30B-A3B-Instruct,2,32,1,0,generated
ptx|0shot|19_ReLU|Qwen/Qwen3-Coder-30B-A3B-Instruct|2,19_ReLU,Qwen/Qwen3-Coder-30B-A3B-Instruct,2,33,1,0,generated
ptx|0shot|19_ReLU|Qwen/Qwen3-Coder-30B-A3B-Instruct|2,19_ReLU,Qwen/Qwen3-Coder-30B-A3B-Instruct,2,34,1,0,generated
ptx|0shot|19_ReLU|Qwen/Qwen3-Coder-30B-A3B-Instruct|2,19_ReLU,Qwen/Qwen3-Coder-30B-A3B-Instruct,2,35,1,0,generated
ptx|0shot|19_ReLU|Qwen/Qwen3-Coder-30B-A3B-Instruct|2,19_ReLU,Qwen/Qwen3-Coder-30B-A3B-Instruct,2,36,1,0,generated
ptx|0shot|19_ReLU|Qwen/Qwen3-Coder-30B-A3B-Instruct|2,19_ReLU,Qwen/Qwen3-Coder-30B-A3B-Instruct,2,37,1,0,generated
ptx|0shot|19_ReLU|Qwen/Qwen3-Coder-30B-A3B-Instruct|2,19_ReLU,Qwen/Qwen3-Coder-30B-A3B-Instruct,2,38,1,0,generated
ptx|0shot|19_ReLU|Qwen/Qwen3-Coder-30B-A3B-Instruct|2,19_ReLU,Qwen/Qwen3-Coder-30B-A3B-Instruct,2,39,1,0,generated
ptx|0shot|19_ReLU|Qwen/Qwen3-Coder-30B-A3B-Instruct|2,19_ReLU,Qwen/Qwen3-Coder-30B-A3B-Instruct,2,40,1,0,generated
ptx|0shot|19_ReLU|Qwen/Qwen3-Coder-30B-A3B-Instruct|2,19_ReLU,Qwen/Qwen3-Coder-30B-A3B-Instruct,2,41,1,0,generated
ptx|0shot|19_ReLU|Qwen/Qwen3-Coder-30B-A3B-Instruct|2,19_ReLU,Qwen/Qwen3-Coder-30B-A3B-Instruct,2,42,1,0,generated
ptx|0shot|19_ReLU|Qwen/Qwen3-Coder-30B-A3B-Instruct|2,19_ReLU,Qwen/Qwen3-Coder-30B-A3B-Instruct,2,43,1,0,generated
ptx|0shot|19_ReLU|Qwen/Qwen3-Coder-30B-A3B-Instruct|2,19_ReLU,Qwen/Qwen3-Coder-30B-A3B-Instruct,2,44,1,0,generated
ptx|0shot|19_ReLU|Qwen/Qwen3-Coder-30B-A3B-Instruct|2,19_ReLU,Qwen/Qwen3-Coder-30B-A3B-Instruct,2,45,1,0,generated
ptx|0shot|19_ReLU|Qwen/Qwen3-Coder-30B-A3B-Instruct|2,19_ReLU,Qwen/Qwen3-Coder-30B-A3B-Instruct,2,46,1,0,generated
ptx|0shot|19_ReLU|Qwen/Qwen3-Coder-30B-A3B-Instruct|2,19_ReLU,Qwen/Qwen3-Coder-30B-A3B-Instruct,2,47,1,0,generated
ptx|0shot|19_ReLU|Qwen/Qwen3-Coder-30B-A3B-Instruct|2,19_ReLU,Qwen/Qwen3-Coder-30B-A3B-Instruct,2,48,1,0,generated
ptx|0shot|19_ReLU|Qwen/Qwen3-Coder-30B-A3B-Instruct|2,19_ReLU,Qwen/Qwen3-Coder-30B-A3B-Instruct,2,49,1,0,generated
ptx|0shot|19_ReLU|Qwen/Qwen3-Coder-30B-A3B-Instruct|2,19_ReLU,Qwen/Qwen3-Coder-30B-A3B-Instruct,2,50,1,0,generated
ptx|0shot|19_ReLU|Qwen/Qwen3-Coder-30B-A3B-Instruct|2,19_ReLU,Qwen/Qwen3-Coder-30B-A3B-Instruct,2,51,1,0,generated
ptx|0shot|19_ReLU|Qwen/Qwen3-Coder-30B-A3B-Instruct|2,19_ReLU,Qwen/Qwen3-Coder-30B-A3B-Instruct,2,52,1,0,generated
ptx|0shot|19_ReLU|Qwen/Qwen3-Coder-30B-A3B-Instruct|2,19_ReLU,Qwen/Qwen3-Coder-30B-A3B-Instruct,2,53,1,0,generated
ptx|0shot|19_ReLU|Qwen/Qwen3-Coder-30B-A3B-Instruct|2,19_ReLU,Qwen/Qwen3-Coder-30B-A3B-Instruct,2,54,1,0,generated
ptx|0shot|19_ReLU|Qwen/Qwen3-Coder-30B-A3B-Instruct|2,19_ReLU,Qwen/Qwen3-Coder-30B-A3B-Instruct,2,55,1,0,generated
ptx|0shot|19_ReLU|Qwen/Qwen3-Coder-30B-A3B-Instruct|2,19_ReLU,Qwen/Qwen3-Coder-30B-A3B-Instruct,2,56,1,0,generated
ptx|0shot|19_ReLU|Qwen/Qwen3-Coder-30B-A3B-Instruct|2,19_ReLU,Qwen/Qwen3-Coder-30B-A3B-Instruct,2,57,1,0,generated
ptx|0shot|19_ReLU|Qwen/Qwen3-Coder-30B-A3B-Instruct|2,19_ReLU,Qwen/Qwen3-Coder-30B-A3B-Instruct,2,58,1,0,generated
ptx|0shot|19_ReLU|Qwen/Qwen3-Coder-30B-A3B-Instruct|2,19_ReLU,Qwen/Qwen3-Coder-30B-A3B-Instruct,2,59,1,0,generated
ptx|0shot|19_ReLU|Qwen/Qwen3-Coder-30B-A3B-Instruct|2,19_ReLU,Qwen/Qwen3-Coder-30B-A3B-Instruct,2,60,1,0,generated
ptx|0shot|19_ReLU|Qwen/Qwen3-Coder-30B-A3B-Instruct|2,19_ReLU,Qwen/Qwen3-Coder-30B-A3B-Instruct,2,61,1,0,generated
ptx|0shot|19_ReLU|Qwen/Qwen3-Coder-30B-A3B-Instruct|2,19_ReLU,Qwen/Qwen3-Coder-30B-A3B-Instruct,2,62,1,0,generated
ptx|0shot|19_ReLU|Qwen/Qwen3-Coder-30B-A3B-Instruct|2,19_ReLU,Qwen/Qwen3-Coder-30B-A3B-Instruct,2,63,1,0,generated
ptx|0shot|19_ReLU|Qwen/Qwen3-Coder-30B-A3B-Instruct|2,19_ReLU,Qwen/Qwen3-Coder-30B-A3B-Instruct,2,64,1,0,generated
ptx|0shot|19_ReLU|Qwen/Qwen3-Coder-30B-A3B-Instruct|2,19_ReLU,Qwen/Qwen3-Coder-30B-A3B-Instruct,2,65,1,0,generated
ptx|0shot|19_ReLU|Qwen/Qwen3-Coder-30B-A3B-Instruct|2,19_ReLU,Qwen/Qwen3-Coder-30B-A3B-Instruct,2,66,1,0,generated
ptx|0shot|19_ReLU|Qwen/Qwen3-Coder-30B-A3B-Instruct|2,19_ReLU,Qwen/Qwen3-Coder-30B-A3B-Instruct,2,67,1,0,generated
ptx|0shot|19_ReLU|Qwen/Qwen3-Coder-30B-A3B-Instruct|2,19_ReLU,Qwen/Qwen3-Coder-30B-A3B-Instruct,2,68,1,0,generated
ptx|0shot|19_ReLU|Qwen/Qwen3-Coder-30B-A3B-Instruct|2,19_ReLU,Qwen/Qwen3-Coder-30B-A3B-Instruct,2,69,1,0,generated
ptx|0shot|19_ReLU|Qwen/Qwen3-Coder-30B-A3B-Instruct|2,19_ReLU,Qwen/Qwen3-Coder-30B-A3B-Instruct,2,70,1,0,generated
ptx|0shot|19_ReLU|Qwen/Qwen3-Coder-30B-A3B-Instruct|2,19_ReLU,Qwen/Qwen3-Coder-30B-A3B-Instruct,2,71,1,0,generated
ptx|0shot|19_ReLU|Qwen/Qwen3-Coder-30B-A3B-Instruct|2,19_ReLU,Qwen/Qwen3-Coder-30B-A3B-Instruct,2,72,1,0,generated
ptx|0shot|19_ReLU|Qwen/Qwen3-Coder-30B-A3B-Instruct|2,19_ReLU,Qwen/Qwen3-Coder-30B-A3B-Instruct,2,73,1,0,generated
ptx|0shot|19_ReLU|Qwen/Qwen3-Coder-30B-A3B-Instruct|2,19_ReLU,Qwen/Qwen3-Coder-30B-A3B-Instruct,2,74,1,0,generated
ptx|0shot|19_ReLU|Qwen/Qwen3-Coder-30B-A3B-Instruct|2,19_ReLU,Qwen/Qwen3-Coder-30B-A3B-Instruct,2,75,1,0,generated
ptx|0shot|19_ReLU|Qwen/Qwen3-Coder-30B-A3B-Instruct|2,19_ReLU,Qwen/Qwen3-Coder-30B-A3B-Instruct,2,76,1,0,generated
ptx|0shot|19_ReLU|Qwen/Qwen3-Coder-30B-A3B-Instruct|2,19_ReLU,Qwen/Qwen3-Coder-30B-A3B-Instruct,2,77,1,0,generated
ptx|0shot|19_ReLU|Qwen/Qwen3-Coder-30B-A3B-Instruct|2,19_ReLU,Qwen/Qwen3-Coder-30B-A3B-Instruct,2,78,1,0,generated
ptx|0shot|19_ReLU|Qwen/Qwen3-Coder-30B-A3B-Instruct|2,19_ReLU,Qwen/Qwen3-Coder-30B-A3B-Instruct,2,79,1,0,generated
ptx|0shot|19_ReLU|Qwen/Qwen3-Coder-30B-A3B-Instruct|2,19_ReLU,Qwen/Qwen3-Coder-30B-A3B-Instruct,2,80,1,0,generated
ptx|0shot|19_ReLU|Qwen/Qwen3-Coder-30B-A3B-Instruct|2,19_ReLU,Qwen/Qwen3-Coder-30B-A3B-Instruct,2,81,1,0,generated
ptx|0shot|19_ReLU|Qwen/Qwen3-Coder-30B-A3B-Instruct|2,19_ReLU,Qwen/Qwen3-Coder-30B-A3B-Instruct,2,82,1,0,generated
ptx|0shot|19_ReLU|Qwen/Qwen3-Coder-30B-A3B-Instruct|2,19_ReLU,Qwen/Qwen3-Coder-30B-A3B-Instruct,2,83,1,0,generated
ptx|0shot|19_ReLU|Qwen/Qwen3-Coder-30B-A3B-Instruct|2,19_ReLU,Qwen/Qwen3-Coder-30B-A3B-Instruct,2,84,1,0,generated
ptx|0shot|19_ReLU|Qwen/Qwen3-Coder-30B-A3B-Instruct|2,19_ReLU,Qwen/Qwen3-Coder-30B-A3B-Instruct,2,85,1,0,generated
ptx|0shot|19_ReLU|Qwen/Qwen3-Coder-30B-A3B-Instruct|2,19_ReLU,Qwen/Qwen3-Coder-30B-A3B-Instruct,2,86,1,0,generated
ptx|0shot|19_ReLU|Qwen/Qwen3-Coder-30B-A3B-Instruct|2,19_ReLU,Qwen/Qwen3-Coder-30B-A3B-Instruct,2,87,1,0,generated
ptx|0shot|19_ReLU|Qwen/Qwen3-Coder-30B-A3B-Instruct|2,19_ReLU,Qwen/Qwen3-Coder-30B-A3B-Instruct,2,88,1,0,generated
ptx|0shot|19_ReLU|Qwen/Qwen3-Coder-30B-A3B-Instruct|2,19_ReLU,Qwen/Qwen3-Coder-30B-A3B-Instruct,2,89,1,0,generated
ptx|0shot|19_ReLU|Qwen/Qwen3-Coder-30B-A3B-Instruct|2,19_ReLU,Qwen/Qwen3-Coder-30B-A3B-Instruct,2,90,1,0,generated
ptx|0shot|19_ReLU|Qwen/Qwen3-Coder-30B-A3B-Instruct|2,19_ReLU,Qwen/Qwen3-Coder-30B-A3B-Instruct,2,91,1,0,generated
ptx|0shot|19_ReLU|Qwen/Qwen3-Coder-30B-A3B-Instruct|2,19_ReLU,Qwen/Qwen3-Coder-30B-A3B-Instruct,2,92,1,0,generated
ptx|0shot|19_ReLU|Qwen/Qwen3-Coder-30B-A3B-Instruct|2,19_ReLU,Qwen/Qwen3-Coder-30B-A3B-Instruct,2,93,1,0,generated
ptx|0shot|19_ReLU|Qwen/Qwen3-Coder-30B-A3B-Instruct|2,19_ReLU,Qwen/Qwen3-Coder-30B-A3B-Instruct,2,94,1,0,generated
ptx|0shot|19_ReLU|Qwen/Qwen3-Coder-30B-A3B-Instruct|2,19_ReLU,Qwen/Qwen3-Coder-30B-A3B-Instruct,2,95,1,0,generated
ptx|0shot|19_ReLU|Qwen/Qwen3-Coder-30B-A3B-Instruct|2,19_ReLU,Qwen/Qwen3-Coder-30B-A3B-Instruct,2,96,1,0,generated
ptx|0shot|19_ReLU|Qwen/Qwen3-Coder-30B-A3B-Instruct|2,19_ReLU,Qwen/Qwen3-Coder-30B-A3B-Instruct,2,97,1,0,generated
ptx|0shot|19_ReLU|Qwen/Qwen3-Coder-30B-A3B-Instruct|2,19_ReLU,Qwen/Qwen3-Coder-30B-A3B-Instruct,2,98,1,0,generated
ptx|0shot|19_ReLU|Qwen/Qwen3-Coder-30B-A3B-Instruct|2,19_ReLU,Qwen/Qwen3-Coder-30B-A3B-Instruct,2,99,1,0,generated
ptx|0shot|19_ReLU|Qwen/Qwen3-Coder-30B-A3B-Instruct|2,19_ReLU,Qwen/Qwen3-Coder-30B-A3B-Instruct,2,100,1,0,generated
ptx|0shot|19_ReLU|Qwen/Qwen3-Coder-30B-A3B-Instruct|3,19_ReLU,Qwen/Qwen3-Coder-30B-A3B-Instruct,3,1,1,0,generated
ptx|0shot|19_ReLU|Qwen/Qwen3-Coder-30B-A3B-Instruct|3,19_ReLU,Qwen/Qwen3-Coder-30B-A3B-Instruct,3,2,1,0,generated
ptx|0shot|19_ReLU|Qwen/Qwen3-Coder-30B-A3B-Instruct|3,19_ReLU,Qwen/Qwen3-Coder-30B-A3B-Instruct,3,3,1,0,generated
ptx|0shot|19_ReLU|Qwen/Qwen3-Coder-30B-A3B-Instruct|3,19_ReLU,Qwen/Qwen3-Coder-30B-A3B-Instruct,3,4,1,0,generated
ptx|0shot|19_ReLU|Qwen/Qwen3-Coder-30B-A3B-Instruct|3,19_ReLU,Qwen/Qwen3-Coder-30B-A3B-Instruct,3,5,1,0,generated
ptx|0shot|19_ReLU|Qwen/Qwen3-Coder-30B-A3B-Instruct|3,19_ReLU,Qwen/Qwen3-Coder-30B-A3B-Instruct,3,6,1,0,generated
ptx|0shot|19_ReLU|Qwen/Qwen3-Coder-30B-A3B-Instruct|3,19_ReLU,Qwen/Qwen3-Coder-30B-A3B-Instruct,3,7,1,0,generated
ptx|0shot|19_ReLU|Qwen/Qwen3-Coder-30B-A3B-Instruct|3,19_ReLU,Qwen/Qwen3-Coder-30B-A3B-Instruct,3,8,1,0,generated
ptx|0shot|19_ReLU|Qwen/Qwen3-Coder-30B-A3B-Instruct|3,19_ReLU,Qwen/Qwen3-Coder-30B-A3B-Instruct,3,9,1,0,generated
ptx|0shot|19_ReLU|Qwen/Qwen3-Coder-30B-A3B-Instruct|3,19_ReLU,Qwen/Qwen3-Coder-30B-A3B-Instruct,3,10,1,0,generated
ptx|0shot|19_ReLU|Qwen/Qwen3-Coder-30B-A3B-Instruct|3,19_ReLU,Qwen/Qwen3-Coder-30B-A3B-Instruct,3,11,1,0,generated
ptx|0shot|19_ReLU|Qwen/Qwen3-Coder-30B-A3B-Instruct|3,19_ReLU,Qwen/Qwen3-Coder-30B-A3B-Instruct,3,12,1,0,generated
ptx|0shot|19_ReLU|Qwen/Qwen3-Coder-30B-A3B-Instruct|3,19_ReLU,Qwen/Qwen3-Coder-30B-A3B-Instruct,3,13,1,0,generated
ptx|0shot|19_ReLU|Qwen/Qwen3-Coder-30B-A3B-Instruct|3,19_ReLU,Qwen/Qwen3-Coder-30B-A3B-Instruct,3,14,1,0,generated
ptx|0shot|19_ReLU|Qwen/Qwen3-Coder-30B-A3B-Instruct|3,19_ReLU,Qwen/Qwen3-Coder-30B-A3B-Instruct,3,15,1,0,generated
ptx|0shot|19_ReLU|Qwen/Qwen3-Coder-30B-A3B-Instruct|3,19_ReLU,Qwen/Qwen3-Coder-30B-A3B-Instruct,3,16,1,0,generated
ptx|0shot|19_ReLU|Qwen/Qwen3-Coder-30B-A3B-Instruct|3,19_ReLU,Qwen/Qwen3-Coder-30B-A3B-Instruct,3,17,1,0,generated
ptx|0shot|19_ReLU|Qwen/Qwen3-Coder-30B-A3B-Instruct|3,19_ReLU,Qwen/Qwen3-Coder-30B-A3B-Instruct,3,18,1,0,generated
ptx|0shot|19_ReLU|Qwen/Qwen3-Coder-30B-A3B-Instruct|3,19_ReLU,Qwen/Qwen3-Coder-30B-A3B-Instruct,3,19,1,0,generated
ptx|0shot|19_ReLU|Qwen/Qwen3-Coder-30B-A3B-Instruct|3,19_ReLU,Qwen/Qwen3-Coder-30B-A3B-Instruct,3,20,1,0,generated
ptx|0shot|19_ReLU|Qwen/Qwen3-Coder-30B-A3B-Instruct|3,19_ReLU,Qwen/Qwen3-Coder-30B-A3B-Instruct,3,21,1,0,generated
ptx|0shot|19_ReLU|Qwen/Qwen3-Coder-30B-A3B-Instruct|3,19_ReLU,Qwen/Qwen3-Coder-30B-A3B-Instruct,3,22,1,0,generated
ptx|0shot|19_ReLU|Qwen/Qwen3-Coder-30B-A3B-Instruct|3,19_ReLU,Qwen/Qwen3-Coder-30B-A3B-Instruct,3,23,1,0,generated
ptx|0shot|19_ReLU|Qwen/Qwen3-Coder-30B-A3B-Instruct|3,19_ReLU,Qwen/Qwen3-Coder-30B-A3B-Instruct,3,24,1,0,generated
ptx|0shot|19_ReLU|Qwen/Qwen3-Coder-30B-A3B-Instruct|3,19_ReLU,Qwen/Qwen3-Coder-30B-A3B-Instruct,3,25,1,0,generated
ptx|0shot|19_ReLU|Qwen/Qwen3-Coder-30B-A3B-Instruct|3,19_ReLU,Qwen/Qwen3-Coder-30B-A3B-Instruct,3,26,1,0,generated
ptx|0shot|19_ReLU|Qwen/Qwen3-Coder-30B-A3B-Instruct|3,19_ReLU,Qwen/Qwen3-Coder-30B-A3B-Instruct,3,27,1,0,generated
ptx|0shot|19_ReLU|Qwen/Qwen3-Coder-30B-A3B-Instruct|3,19_ReLU,Qwen/Qwen3-Coder-30B-A3B-Instruct,3,28,1,0,generated
ptx|0shot|19_ReLU|Qwen/Qwen3-Coder-30B-A3B-Instruct|3,19_ReLU,Qwen/Qwen3-Coder-30B-A3B-Instruct,3,29,1,0,generated
ptx|0shot|19_ReLU|Qwen/Qwen3-Coder-30B-A3B-Instruct|3,19_ReLU,Qwen/Qwen3-Coder-30B-A3B-Instruct,3,30,1,0,generated
ptx|0shot|19_ReLU|Qwen/Qwen3-Coder-30B-A3B-Instruct|3,19_ReLU,Qwen/Qwen3-Coder-30B-A3B-Instruct,3,31,1,0,generated
ptx|0shot|19_ReLU|Qwen/Qwen3-Coder-30B-A3B-Instruct|3,19_ReLU,Qwen/Qwen3-Coder-30B-A3B-Instruct,3,32,1,0,generated
ptx|0shot|19_ReLU|Qwen/Qwen3-Coder-30B-A3B-Instruct|3,19_ReLU,Qwen/Qwen3-Coder-30B-A3B-Instruct,3,33,1,0,generated
ptx|0shot|19_ReLU|Qwen/Qwen3-Coder-30B-A3B-Instruct|3,19_ReLU,Qwen/Qwen3-Coder-30B-A3B-Instruct,3,34,1,0,generated
ptx|0shot|19_ReLU|Qwen/Qwen3-Coder-30B-A3B-Instruct|3,19_ReLU,Qwen/Qwen3-Coder-30B-A3B-Instruct,3,35,1,0,generated
ptx|0shot|19_ReLU|Qwen/Qwen3-Coder-30B-A3B-Instruct|3,19_ReLU,Qwen/Qwen3-Coder-30B-A3B-Instruct,3,36,1,0,generated
ptx|0shot|19_ReLU|Qwen/Qwen3-Coder-30B-A3B-Instruct|3,19_ReLU,Qwen/Qwen3-Coder-30B-A3B-Instruct,3,37,1,0,generated
ptx|0shot|19_ReLU|Qwen/Qwen3-Coder-30B-A3B-Instruct|3,19_ReLU,Qwen/Qwen3-Coder-30B-A3B-Instruct,3,38,1,0,generated
ptx|0shot|19_ReLU|Qwen/Qwen3-Coder-30B-A3B-Instruct|3,19_ReLU,Qwen/Qwen3-Coder-30B-A3B-Instruct,3,39,1,0,generated
ptx|0shot|19_ReLU|Qwen/Qwen3-Coder-30B-A3B-Instruct|3,19_ReLU,Qwen/Qwen3-Coder-30B-A3B-Instruct,3,40,1,0,generated
ptx|0shot|19_ReLU|Qwen/Qwen3-Coder-30B-A3B-Instruct|3,19_ReLU,Qwen/Qwen3-Coder-30B-A3B-Instruct,3,41,1,0,generated
ptx|0shot|19_ReLU|Qwen/Qwen3-Coder-30B-A3B-Instruct|3,19_ReLU,Qwen/Qwen3-Coder-30B-A3B-Instruct,3,42,1,0,generated
ptx|0shot|19_ReLU|Qwen/Qwen3-Coder-30B-A3B-Instruct|3,19_ReLU,Qwen/Qwen3-Coder-30B-A3B-Instruct,3,43,1,0,generated
ptx|0shot|19_ReLU|Qwen/Qwen3-Coder-30B-A3B-Instruct|3,19_ReLU,Qwen/Qwen3-Coder-30B-A3B-Instruct,3,44,1,0,generated
ptx|0shot|19_ReLU|Qwen/Qwen3-Coder-30B-A3B-Instruct|3,19_ReLU,Qwen/Qwen3-Coder-30B-A3B-Instruct,3,45,1,0,generated
ptx|0shot|19_ReLU|Qwen/Qwen3-Coder-30B-A3B-Instruct|3,19_ReLU,Qwen/Qwen3-Coder-30B-A3B-Instruct,3,46,1,0,generated
ptx|0shot|19_ReLU|Qwen/Qwen3-Coder-30B-A3B-Instruct|3,19_ReLU,Qwen/Qwen3-Coder-30B-A3B-Instruct,3,47,1,0,generated
ptx|0shot|19_ReLU|Qwen/Qwen3-Coder-30B-A3B-Instruct|3,19_ReLU,Qwen/Qwen3-Coder-30B-A3B-Instruct,3,48,1,0,generated
ptx|0shot|19_ReLU|Qwen/Qwen3-Coder-30B-A3B-Instruct|3,19_ReLU,Qwen/Qwen3-Coder-30B-A3B-Instruct,3,49,1,0,generated
ptx|0shot|19_ReLU|Qwen/Qwen3-Coder-30B-A3B-Instruct|3,19_ReLU,Qwen/Qwen3-Coder-30B-A3B-Instruct,3,50,1,0,generated
ptx|0shot|19_ReLU|Qwen/Qwen3-Coder-30B-A3B-Instruct|3,19_ReLU,Qwen/Qwen3-Coder-30B-A3B-Instruct,3,51,1,0,generated
ptx|0shot|19_ReLU|Qwen/Qwen3-Coder-30B-A3B-Instruct|3,19_ReLU,Qwen/Qwen3-Coder-30B-A3B-Instruct,3,52,1,0,generated
ptx|0shot|19_ReLU|Qwen/Qwen3-Coder-30B-A3B-Instruct|3,19_ReLU,Qwen/Qwen3-Coder-30B-A3B-Instruct,3,53,1,0,generated
ptx|0shot|19_ReLU|Qwen/Qwen3-Coder-30B-A3B-Instruct|3,19_ReLU,Qwen/Qwen3-Coder-30B-A3B-Instruct,3,54,1,0,generated
ptx|0shot|19_ReLU|Qwen/Qwen3-Coder-30B-A3B-Instruct|3,19_ReLU,Qwen/Qwen3-Coder-30B-A3B-Instruct,3,55,1,0,generated
ptx|0shot|19_ReLU|Qwen/Qwen3-Coder-30B-A3B-Instruct|3,19_ReLU,Qwen/Qwen3-Coder-30B-A3B-Instruct,3,56,1,0,generated
ptx|0shot|19_ReLU|Qwen/Qwen3-Coder-30B-A3B-Instruct|3,19_ReLU,Qwen/Qwen3-Coder-30B-A3B-Instruct,3,57,1,0,generated
ptx|0shot|19_ReLU|Qwen/Qwen3-Coder-30B-A3B-Instruct|3,19_ReLU,Qwen/Qwen3-Coder-30B-A3B-Instruct,3,58,1,0,generated
ptx|0shot|19_ReLU|Qwen/Qwen3-Coder-30B-A3B-Instruct|3,19_ReLU,Qwen/Qwen3-Coder-30B-A3B-Instruct,3,59,1,0,generated
ptx|0shot|19_ReLU|Qwen/Qwen3-Coder-30B-A3B-Instruct|3,19_ReLU,Qwen/Qwen3-Coder-30B-A3B-Instruct,3,60,1,0,generated
ptx|0shot|19_ReLU|Qwen/Qwen3-Coder-30B-A3B-Instruct|3,19_ReLU,Qwen/Qwen3-Coder-30B-A3B-Instruct,3,61,1,0,generated
ptx|0shot|19_ReLU|Qwen/Qwen3-Coder-30B-A3B-Instruct|3,19_ReLU,Qwen/Qwen3-Coder-30B-A3B-Instruct,3,62,1,0,generated
ptx|0shot|19_ReLU|Qwen/Qwen3-Coder-30B-A3B-Instruct|3,19_ReLU,Qwen/Qwen3-Coder-30B-A3B-Instruct,3,63,1,0,generated
ptx|0shot|19_ReLU|Qwen/Qwen3-Coder-30B-A3B-Instruct|3,19_ReLU,Qwen/Qwen3-Coder-30B-A3B-Instruct,3,64,1,0,generated
ptx|0shot|19_ReLU|Qwen/Qwen3-Coder-30B-A3B-Instruct|3,19_ReLU,Qwen/Qwen3-Coder-30B-A3B-Instruct,3,65,1,0,generated
ptx|0shot|19_ReLU|Qwen/Qwen3-Coder-30B-A3B-Instruct|3,19_ReLU,Qwen/Qwen3-Coder-30B-A3B-Instruct,3,66,1,0,generated
ptx|0shot|19_ReLU|Qwen/Qwen3-Coder-30B-A3B-Instruct|3,19_ReLU,Qwen/Qwen3-Coder-30B-A3B-Instruct,3,67,1,0,generated
ptx|0shot|19_ReLU|Qwen/Qwen3-Coder-30B-A3B-Instruct|3,19_ReLU,Qwen/Qwen3-Coder-30B-A3B-Instruct,3,68,1,0,generated
ptx|0shot|19_ReLU|Qwen/Qwen3-Coder-30B-A3B-Instruct|3,19_ReLU,Qwen/Qwen3-Coder-30B-A3B-Instruct,3,69,1,0,generated
ptx|0shot|19_ReLU|Qwen/Qwen3-Coder-30B-A3B-Instruct|3,19_ReLU,Qwen/Qwen3-Coder-30B-A3B-Instruct,3,70,1,0,generated
ptx|0shot|19_ReLU|Qwen/Qwen3-Coder-30B-A3B-Instruct|3,19_ReLU,Qwen/Qwen3-Coder-30B-A3B-Instruct,3,71,1,0,generated
ptx|0shot|19_ReLU|Qwen/Qwen3-Coder-30B-A3B-Instruct|3,19_ReLU,Qwen/Qwen3-Coder-30B-A3B-Instruct,3,72,1,0,generated
ptx|0shot|19_ReLU|Qwen/Qwen3-Coder-30B-A3B-Instruct|3,19_ReLU,Qwen/Qwen3-Coder-30B-A3B-Instruct,3,73,1,0,generated
ptx|0shot|19_ReLU|Qwen/Qwen3-Coder-30B-A3B-Instruct|3,19_ReLU,Qwen/Qwen3-Coder-30B-A3B-Instruct,3,74,1,0,generated
ptx|0shot|19_ReLU|Qwen/Qwen3-Coder-30B-A3B-Instruct|3,19_ReLU,Qwen/Qwen3-Coder-30B-A3B-Instruct,3,75,1,0,generated
ptx|0shot|19_ReLU|Qwen/Qwen3-Coder-30B-A3B-Instruct|3,19_ReLU,Qwen/Qwen3-Coder-30B-A3B-Instruct,3,76,1,0,generated
ptx|0shot|19_ReLU|Qwen/Qwen3-Coder-30B-A3B-Instruct|3,19_ReLU,Qwen/Qwen3-Coder-30B-A3B-Instruct,3,77,1,0,generated
ptx|0shot|19_ReLU|Qwen/Qwen3-Coder-30B-A3B-Instruct|3,19_ReLU,Qwen/Qwen3-Coder-30B-A3B-Instruct,3,78,1,0,generated
ptx|0shot|19_ReLU|Qwen/Qwen3-Coder-30B-A3B-Instruct|3,19_ReLU,Qwen/Qwen3-Coder-30B-A3B-Instruct,3,79,1,0,generated
ptx|0shot|19_ReLU|Qwen/Qwen3-Coder-30B-A3B-Instruct|3,19_ReLU,Qwen/Qwen3-Coder-30B-A3B-Instruct,3,80,1,0,generated
ptx|0shot|19_ReLU|Qwen/Qwen3-Coder-30B-A3B-Instruct|3,19_ReLU,Qwen/Qwen3-Coder-30B-A3B-Instruct,3,81,1,0,generated
ptx|0shot|19_ReLU|Qwen/Qwen3-Coder-30B-A3B-Instruct|3,19_ReLU,Qwen/Qwen3-Coder-30B-A3B-Instruct,3,82,1,0,generated
ptx|0shot|19_ReLU|Qwen/Qwen3-Coder-30B-A3B-Instruct|3,19_ReLU,Qwen/Qwen3-Coder-30B-A3B-Instruct,3,83,1,0,generated
ptx|0shot|19_ReLU|Qwen/Qwen3-Coder-30B-A3B-Instruct|3,19_ReLU,Qwen/Qwen3-Coder-30B-A3B-Instruct,3,84,1,0,generated
ptx|0shot|19_ReLU|Qwen/Qwen3-Coder-30B-A3B-Instruct|3,19_ReLU,Qwen/Qwen3-Coder-30B-A3B-Instruct,3,85,1,0,generated
ptx|0shot|19_ReLU|Qwen/Qwen3-Coder-30B-A3B-Instruct|3,19_ReLU,Qwen/Qwen3-Coder-30B-A3B-Instruct,3,86,1,0,generated
ptx|0shot|19_ReLU|Qwen/Qwen3-Coder-30B-A3B-Instruct|3,19_ReLU,Qwen/Qwen3-Coder-30B-A3B-Instruct,3,87,1,0,generated
ptx|0shot|19_ReLU|Qwen/Qwen3-Coder-30B-A3B-Instruct|3,19_ReLU,Qwen/Qwen3-Coder-30B-A3B-Instruct,3,88,1,0,generated
ptx|0shot|19_ReLU|Qwen/Qwen3-Coder-30B-A3B-Instruct|3,19_ReLU,Qwen/Qwen3-Coder-30B-A3B-Instruct,3,89,1,0,generated
ptx|0shot|19_ReLU|Qwen/Qwen3-Coder-30B-A3B-Instruct|3,19_ReLU,Qwen/Qwen3-Coder-30B-A3B-Instruct,3,90,1,0,generated
ptx|0shot|19_ReLU|Qwen/Qwen3-Coder-30B-A3B-Instruct|3,19_ReLU,Qwen/Qwen3-Coder-30B-A3B-Instruct,3,91,1,0,generated
ptx|0shot|19_ReLU|Qwen/Qwen3-Coder-30B-A3B-Instruct|3,19_ReLU,Qwen/Qwen3-Coder-30B-A3B-Instruct,3,92,1,0,generated
ptx|0shot|19_ReLU|Qwen/Qwen3-Coder-30B-A3B-Instruct|3,19_ReLU,Qwen/Qwen3-Coder-30B-A3B-Instruct,3,93,1,0,generated
ptx|0shot|19_ReLU|Qwen/Qwen3-Coder-30B-A3B-Instruct|3,19_ReLU,Qwen/Qwen3-Coder-30B-A3B-Instruct,3,94,1,0,generated
ptx|0shot|19_ReLU|Qwen/Qwen3-Coder-30B-A3B-Instruct|3,19_ReLU,Qwen/Qwen3-Coder-30B-A3B-Instruct,3,95,1,0,generated
ptx|0shot|19_ReLU|Qwen/Qwen3-Coder-30B-A3B-Instruct|3,19_ReLU,Qwen/Qwen3-Coder-30B-A3B-Instruct,3,96,1,0,generated
ptx|0shot|19_ReLU|Qwen/Qwen3-Coder-30B-A3B-Instruct|3,19_ReLU,Qwen/Qwen3-Coder-30B-A3B-Instruct,3,97,1,0,generated
ptx|0shot|19_ReLU|Qwen/Qwen3-Coder-30B-A3B-Instruct|3,19_ReLU,Qwen/Qwen3-Coder-30B-A3B-Instruct,3,98,1,0,generated
ptx|0shot|19_ReLU|Qwen/Qwen3-Coder-30B-A3B-Instruct|3,19_ReLU,Qwen/Qwen3-Coder-30B-A3B-Instruct,3,99,1,0,generated
ptx|0shot|19_ReLU|Qwen/Qwen3-Coder-30B-A3B-Instruct|3,19_ReLU,Qwen/Qwen3-Coder-30B-A3B-Instruct,3,100,1,0,generated
ptx|0shot|19_ReLU|Qwen/Qwen3-Coder-30B-A3B-Instruct|4,19_ReLU,Qwen/Qwen3-Coder-30B-A3B-Instruct,4,1,1,0,generated
ptx|0shot|19_ReLU|Qwen/Qwen3-Coder-30B-A3B-Instruct|4,19_ReLU,Qwen/Qwen3-Coder-30B-A3B-Instruct,4,2,1,0,generated
ptx|0shot|19_ReLU|Qwen/Qwen3-Coder-30B-A3B-Instruct|4,19_ReLU,Qwen/Qwen3-Coder-30B-A3B-Instruct,4,3,1,0,generated
ptx|0shot|19_ReLU|Qwen/Qwen3-Coder-30B-A3B-Instruct|4,19_ReLU,Qwen/Qwen3-Coder-30B-A3B-Instruct,4,4,1,0,generated
ptx|0shot|19_ReLU|Qwen/Qwen3-Coder-30B-A3B-Instruct|4,19_ReLU,Qwen/Qwen3-Coder-30B-A3B-Instruct,4,5,1,0,generated
ptx|0shot|19_ReLU|Qwen/Qwen3-Coder-30B-A3B-Instruct|4,19_ReLU,Qwen/Qwen3-Coder-30B-A3B-Instruct,4,6,1,0,generated
ptx|0shot|19_ReLU|Qwen/Qwen3-Coder-30B-A3B-Instruct|4,19_ReLU,Qwen/Qwen3-Coder-30B-A3B-Instruct,4,7,1,0,generated
ptx|0shot|19_ReLU|Qwen/Qwen3-Coder-30B-A3B-Instruct|4,19_ReLU,Qwen/Qwen3-Coder-30B-A3B-Instruct,4,8,1,0,generated
ptx|0shot|19_ReLU|Qwen/Qwen3-Coder-30B-A3B-Instruct|4,19_ReLU,Qwen/Qwen3-Coder-30B-A3B-Instruct,4,9,1,0,generated
ptx|0shot|19_ReLU|Qwen/Qwen3-Coder-30B-A3B-Instruct|4,19_ReLU,Qwen/Qwen3-Coder-30B-A3B-Instruct,4,10,1,0,generated
ptx|0shot|19_ReLU|Qwen/Qwen3-Coder-30B-A3B-Instruct|4,19_ReLU,Qwen/Qwen3-Coder-30B-A3B-Instruct,4,11,1,0,generated
ptx|0shot|19_ReLU|Qwen/Qwen3-Coder-30B-A3B-Instruct|4,19_ReLU,Qwen/Qwen3-Coder-30B-A3B-Instruct,4,12,1,0,generated
ptx|0shot|19_ReLU|Qwen/Qwen3-Coder-30B-A3B-Instruct|4,19_ReLU,Qwen/Qwen3-Coder-30B-A3B-Instruct,4,13,1,0,generated
ptx|0shot|19_ReLU|Qwen/Qwen3-Coder-30B-A3B-Instruct|4,19_ReLU,Qwen/Qwen3-Coder-30B-A3B-Instruct,4,14,1,0,generated
ptx|0shot|19_ReLU|Qwen/Qwen3-Coder-30B-A3B-Instruct|4,19_ReLU,Qwen/Qwen3-Coder-30B-A3B-Instruct,4,15,1,0,generated
ptx|0shot|19_ReLU|Qwen/Qwen3-Coder-30B-A3B-Instruct|4,19_ReLU,Qwen/Qwen3-Coder-30B-A3B-Instruct,4,16,1,0,generated
ptx|0shot|19_ReLU|Qwen/Qwen3-Coder-30B-A3B-Instruct|4,19_ReLU,Qwen/Qwen3-Coder-30B-A3B-Instruct,4,17,1,0,generated
ptx|0shot|19_ReLU|Qwen/Qwen3-Coder-30B-A3B-Instruct|4,19_ReLU,Qwen/Qwen3-Coder-30B-A3B-Instruct,4,18,1,0,generated
ptx|0shot|19_ReLU|Qwen/Qwen3-Coder-30B-A3B-Instruct|4,19_ReLU,Qwen/Qwen3-Coder-30B-A3B-Instruct,4,19,1,0,generated
ptx|0shot|19_ReLU|Qwen/Qwen3-Coder-30B-A3B-Instruct|4,19_ReLU,Qwen/Qwen3-Coder-30B-A3B-Instruct,4,20,1,0,generated
ptx|0shot|19_ReLU|Qwen/Qwen3-Coder-30B-A3B-Instruct|4,19_ReLU,Qwen/Qwen3-Coder-30B-A3B-Instruct,4,21,1,0,generated
ptx|0shot|19_ReLU|Qwen/Qwen3-Coder-30B-A3B-Instruct|4,19_ReLU,Qwen/Qwen3-Coder-30B-A3B-Instruct,4,22,1,0,generated
ptx|0shot|19_ReLU|Qwen/Qwen3-Coder-30B-A3B-Instruct|4,19_ReLU,Qwen/Qwen3-Coder-30B-A3B-Instruct,4,23,1,0,generated
ptx|0shot|19_ReLU|Qwen/Qwen3-Coder-30B-A3B-Instruct|4,19_ReLU,Qwen/Qwen3-Coder-30B-A3B-Instruct,4,24,1,0,generated
ptx|0shot|19_ReLU|Qwen/Qwen3-Coder-30B-A3B-Instruct|4,19_ReLU,Qwen/Qwen3-Coder-30B-A3B-Instruct,4,25,1,0,generated
ptx|0shot|19_ReLU|Qwen/Qwen3-Coder-30B-A3B-Instruct|4,19_ReLU,Qwen/Qwen3-Coder-30B-A3B-Instruct,4,26,1,0,generated
ptx|0shot|19_ReLU|Qwen/Qwen3-Coder-30B-A3B-Instruct|4,19_ReLU,Qwen/Qwen3-Coder-30B-A3B-Instruct,4,27,1,0,generated
ptx|0shot|19_ReLU|Qwen/Qwen3-Coder-30B-A3B-Instruct|4,19_ReLU,Qwen/Qwen3-Coder-30B-A3B-Instruct,4,28,1,0,generated
ptx|0shot|19_ReLU|Qwen/Qwen3-Coder-30B-A3B-Instruct|4,19_ReLU,Qwen/Qwen3-Coder-30B-A3B-Instruct,4,29,1,0,generated
ptx|0shot|19_ReLU|Qwen/Qwen3-Coder-30B-A3B-Instruct|4,19_ReLU,Qwen/Qwen3-Coder-30B-A3B-Instruct,4,30,1,0,generated
ptx|0shot|19_ReLU|Qwen/Qwen3-Coder-30B-A3B-Instruct|4,19_ReLU,Qwen/Qwen3-Coder-30B-A3B-Instruct,4,31,1,0,generated
ptx|0shot|19_ReLU|Qwen/Qwen3-Coder-30B-A3B-Instruct|4,19_ReLU,Qwen/Qwen3-Coder-30B-A3B-Instruct,4,32,1,0,generated
ptx|0shot|19_ReLU|Qwen/Qwen3-Coder-30B-A3B-Instruct|4,19_ReLU,Qwen/Qwen3-Coder-30B-A3B-Instruct,4,33,1,0,generated
ptx|0shot|19_ReLU|Qwen/Qwen3-Coder-30B-A3B-Instruct|4,19_ReLU,Qwen/Qwen3-Coder-30B-A3B-Instruct,4,34,1,0,generated
ptx|0shot|19_ReLU|Qwen/Qwen3-Coder-30B-A3B-Instruct|4,19_ReLU,Qwen/Qwen3-Coder-30B-A3B-Instruct,4,35,1,0,generated
ptx|0shot|19_ReLU|Qwen/Qwen3-Coder-30B-A3B-Instruct|4,19_ReLU,Qwen/Qwen3-Coder-30B-A3B-Instruct,4,36,1,0,generated
ptx|0shot|19_ReLU|Qwen/Qwen3-Coder-30B-A3B-Instruct|4,19_ReLU,Qwen/Qwen3-Coder-30B-A3B-Instruct,4,37,1,0,generated
ptx|0shot|19_ReLU|Qwen/Qwen3-Coder-30B-A3B-Instruct|4,19_ReLU,Qwen/Qwen3-Coder-30B-A3B-Instruct,4,38,1,0,generated
ptx|0shot|19_ReLU|Qwen/Qwen3-Coder-30B-A3B-Instruct|4,19_ReLU,Qwen/Qwen3-Coder-30B-A3B-Instruct,4,39,1,0,generated
ptx|0shot|19_ReLU|Qwen/Qwen3-Coder-30B-A3B-Instruct|4,19_ReLU,Qwen/Qwen3-Coder-30B-A3B-Instruct,4,40,1,0,generated
ptx|0shot|19_ReLU|Qwen/Qwen3-Coder-30B-A3B-Instruct|4,19_ReLU,Qwen/Qwen3-Coder-30B-A3B-Instruct,4,41,1,0,generated
ptx|0shot|19_ReLU|Qwen/Qwen3-Coder-30B-A3B-Instruct|4,19_ReLU,Qwen/Qwen3-Coder-30B-A3B-Instruct,4,42,1,0,generated
ptx|0shot|19_ReLU|Qwen/Qwen3-Coder-30B-A3B-Instruct|4,19_ReLU,Qwen/Qwen3-Coder-30B-A3B-Instruct,4,43,1,0,generated
ptx|0shot|19_ReLU|Qwen/Qwen3-Coder-30B-A3B-Instruct|4,19_ReLU,Qwen/Qwen3-Coder-30B-A3B-Instruct,4,44,1,0,generated
ptx|0shot|19_ReLU|Qwen/Qwen3-Coder-30B-A3B-Instruct|4,19_ReLU,Qwen/Qwen3-Coder-30B-A3B-Instruct,4,45,1,0,generated
ptx|0shot|19_ReLU|Qwen/Qwen3-Coder-30B-A3B-Instruct|4,19_ReLU,Qwen/Qwen3-Coder-30B-A3B-Instruct,4,46,1,0,generated
ptx|0shot|19_ReLU|Qwen/Qwen3-Coder-30B-A3B-Instruct|4,19_ReLU,Qwen/Qwen3-Coder-30B-A3B-Instruct,4,47,1,0,generated
ptx|0shot|19_ReLU|Qwen/Qwen3-Coder-30B-A3B-Instruct|4,19_ReLU,Qwen/Qwen3-Coder-30B-A3B-Instruct,4,48,1,0,generated
ptx|0shot|19_ReLU|Qwen/Qwen3-Coder-30B-A3B-Instruct|4,19_ReLU,Qwen/Qwen3-Coder-30B-A3B-Instruct,4,49,1,0,generated
ptx|0shot|19_ReLU|Qwen/Qwen3-Coder-30B-A3B-Instruct|4,19_ReLU,Qwen/Qwen3-Coder-30B-A3B-Instruct,4,50,1,0,generated
ptx|0shot|19_ReLU|Qwen/Qwen3-Coder-30B-A3B-Instruct|4,19_ReLU,Qwen/Qwen3-Coder-30B-A3B-Instruct,4,51,1,0,generated
ptx|0shot|19_ReLU|Qwen/Qwen3-Coder-30B-A3B-Instruct|4,19_ReLU,Qwen/Qwen3-Coder-30B-A3B-Instruct,4,52,1,0,generated
ptx|0shot|19_ReLU|Qwen/Qwen3-Coder-30B-A3B-Instruct|4,19_ReLU,Qwen/Qwen3-Coder-30B-A3B-Instruct,4,53,1,0,generated
ptx|0shot|19_ReLU|Qwen/Qwen3-Coder-30B-A3B-Instruct|4,19_ReLU,Qwen/Qwen3-Coder-30B-A3B-Instruct,4,54,1,0,generated
ptx|0shot|19_ReLU|Qwen/Qwen3-Coder-30B-A3B-Instruct|4,19_ReLU,Qwen/Qwen3-Coder-30B-A3B-Instruct,4,55,1,0,generated
ptx|0shot|19_ReLU|Qwen/Qwen3-Coder-30B-A3B-Instruct|4,19_ReLU,Qwen/Qwen3-Coder-30B-A3B-Instruct,4,56,1,0,generated
ptx|0shot|19_ReLU|Qwen/Qwen3-Coder-30B-A3B-Instruct|4,19_ReLU,Qwen/Qwen3-Coder-30B-A3B-Instruct,4,57,1,0,generated
ptx|0shot|19_ReLU|Qwen/Qwen3-Coder-30B-A3B-Instruct|4,19_ReLU,Qwen/Qwen3-Coder-30B-A3B-Instruct,4,58,1,0,generated
ptx|0shot|19_ReLU|Qwen/Qwen3-Coder-30B-A3B-Instruct|4,19_ReLU,Qwen/Qwen3-Coder-30B-A3B-Instruct,4,59,1,0,generated
ptx|0shot|19_ReLU|Qwen/Qwen3-Coder-30B-A3B-Instruct|4,19_ReLU,Qwen/Qwen3-Coder-30B-A3B-Instruct,4,60,1,0,generated
ptx|0shot|19_ReLU|Qwen/Qwen3-Coder-30B-A3B-Instruct|4,19_ReLU,Qwen/Qwen3-Coder-30B-A3B-Instruct,4,61,1,0,generated
ptx|0shot|19_ReLU|Qwen/Qwen3-Coder-30B-A3B-Instruct|4,19_ReLU,Qwen/Qwen3-Coder-30B-A3B-Instruct,4,62,1,0,generated
ptx|0shot|19_ReLU|Qwen/Qwen3-Coder-30B-A3B-Instruct|4,19_ReLU,Qwen/Qwen3-Coder-30B-A3B-Instruct,4,63,1,0,generated
ptx|0shot|19_ReLU|Qwen/Qwen3-Coder-30B-A3B-Instruct|4,19_ReLU,Qwen/Qwen3-Coder-30B-A3B-Instruct,4,64,1,0,generated
ptx|0shot|19_ReLU|Qwen/Qwen3-Coder-30B-A3B-Instruct|4,19_ReLU,Qwen/Qwen3-Coder-30B-A3B-Instruct,4,65,1,0,generated
ptx|0shot|19_ReLU|Qwen/Qwen3-Coder-30B-A3B-Instruct|4,19_ReLU,Qwen/Qwen3-Coder-30B-A3B-Instruct,4,66,1,0,generated
ptx|0shot|19_ReLU|Qwen/Qwen3-Coder-30B-A3B-Instruct|4,19_ReLU,Qwen/Qwen3-Coder-30B-A3B-Instruct,4,67,1,0,generated
ptx|0shot|19_ReLU|Qwen/Qwen3-Coder-30B-A3B-Instruct|4,19_ReLU,Qwen/Qwen3-Coder-30B-A3B-Instruct,4,68,1,0,generated
ptx|0shot|19_ReLU|Qwen/Qwen3-Coder-30B-A3B-Instruct|4,19_ReLU,Qwen/Qwen3-Coder-30B-A3B-Instruct,4,69,1,0,generated
ptx|0shot|19_ReLU|Qwen/Qwen3-Coder-30B-A3B-Instruct|4,19_ReLU,Qwen/Qwen3-Coder-30B-A3B-Instruct,4,70,1,0,generated
ptx|0shot|19_ReLU|Qwen/Qwen3-Coder-30B-A3B-Instruct|4,19_ReLU,Qwen/Qwen3-Coder-30B-A3B-Instruct,4,71,1,0,generated
ptx|0shot|19_ReLU|Qwen/Qwen3-Coder-30B-A3B-Instruct|4,19_ReLU,Qwen/Qwen3-Coder-30B-A3B-Instruct,4,72,1,0,generated
ptx|0shot|19_ReLU|Qwen/Qwen3-Coder-30B-A3B-Instruct|4,19_ReLU,Qwen/Qwen3-Coder-30B-A3B-Instruct,4,73,1,0,generated
ptx|0shot|19_ReLU|Qwen/Qwen3-Coder-30B-A3B-Instruct|4,19_ReLU,Qwen/Qwen3-Coder-30B-A3B-Instruct,4,74,1,0,generated
ptx|0shot|19_ReLU|Qwen/Qwen3-Coder-30B-A3B-Instruct|4,19_ReLU,Qwen/Qwen3-Coder-30B-A3B-Instruct,4,75,1,0,generated
ptx|0shot|19_ReLU|Qwen/Qwen3-Coder-30B-A3B-Instruct|4,19_ReLU,Qwen/Qwen3-Coder-30B-A3B-Instruct,4,76,1,0,generated
ptx|0shot|19_ReLU|Qwen/Qwen3-Coder-30B-A3B-Instruct|4,19_ReLU,Qwen/Qwen3-Coder-30B-A3B-Instruct,4,77,1,0,generated
ptx|0shot|19_ReLU|Qwen/Qwen3-Coder-30B-A3B-Instruct|4,19_ReLU,Qwen/Qwen3-Coder-30B-A3B-Instruct,4,78,1,0,generated
ptx|0shot|19_ReLU|Qwen/Qwen3-Coder-30B-A3B-Instruct|4,19_ReLU,Qwen/Qwen3-Coder-30B-A3B-Instruct,4,79,1,0,generated
ptx|0shot|19_ReLU|Qwen/Qwen3-Coder-30B-A3B-Instruct|4,19_ReLU,Qwen/Qwen3-Coder-30B-A3B-Instruct,4,80,1,0,generated
ptx|0shot|19_ReLU|Qwen/Qwen3-Coder-30B-A3B-Instruct|4,19_ReLU,Qwen/Qwen3-Coder-30B-A3B-Instruct,4,81,1,0,generated
ptx|0shot|19_ReLU|Qwen/Qwen3-Coder-30B-A3B-Instruct|4,19_ReLU,Qwen/Qwen3-Coder-30B-A3B-Instruct,4,82,1,0,generated
ptx|0shot|19_ReLU|Qwen/Qwen3-Coder-30B-A3B-Instruct|4,19_ReLU,Qwen/Qwen3-Coder-30B-A3B-Instruct,4,83,1,0,generated
ptx|0shot|19_ReLU|Qwen/Qwen3-Coder-30B-A3B-Instruct|4,19_ReLU,Qwen/Qwen3-Coder-30B-A3B-Instruct,4,84,1,0,generated
ptx|0shot|19_ReLU|Qwen/Qwen3-Coder-30B-A3B-Instruct|4,19_ReLU,Qwen/Qwen3-Coder-30B-A3B-Instruct,4,85,1,0,generated
ptx|0shot|19_ReLU|Qwen/Qwen3-Coder-30B-A3B-Instruct|4,19_ReLU,Qwen/Qwen3-Coder-30B-A3B-Instruct,4,86,1,0,generated
ptx|0shot|19_ReLU|Qwen/Qwen3-Coder-30B-A3B-Instruct|4,19_ReLU,Qwen/Qwen3-Coder-30B-A3B-Instruct,4,87,1,0,generated
ptx|0shot|19_ReLU|Qwen/Qwen3-Coder-30B-A3B-Instruct|4,19_ReLU,Qwen/Qwen3-Coder-30B-A3B-Instruct,4,88,1,0,generated
ptx|0shot|19_ReLU|Qwen/Qwen3-Coder-30B-A3B-Instruct|4,19_ReLU,Qwen/Qwen3-Coder-30B-A3B-Instruct,4,89,1,0,generated
ptx|0shot|19_ReLU|Qwen/Qwen3-Coder-30B-A3B-Instruct|4,19_ReLU,Qwen/Qwen3-Coder-30B-A3B-Instruct,4,90,1,0,generated
ptx|0shot|19_ReLU|Qwen/Qwen3-Coder-30B-A3B-Instruct|4,19_ReLU,Qwen/Qwen3-Coder-30B-A3B-Instruct,4,91,1,0,generated
ptx|0shot|19_ReLU|Qwen/Qwen3-Coder-30B-A3B-Instruct|4,19_ReLU,Qwen/Qwen3-Coder-30B-A3B-Instruct,4,92,1,0,generated
ptx|0shot|19_ReLU|Qwen/Qwen3-Coder-30B-A3B-Instruct|4,19_ReLU,Qwen/Qwen3-Coder-30B-A3B-Instruct,4,93,1,0,generated
ptx|0shot|19_ReLU|Qwen/Qwen3-Coder-30B-A3B-Instruct|4,19_ReLU,Qwen/Qwen3-Coder-30B-A3B-Instruct,4,94,1,0,generated
ptx|0shot|19_ReLU|Qwen/Qwen3-Coder-30B-A3B-Instruct|4,19_ReLU,Qwen/Qwen3-Coder-30B-A3B-Instruct,4,95,1,0,generated
ptx|0shot|19_ReLU|Qwen/Qwen3-Coder-30B-A3B-Instruct|4,19_ReLU,Qwen/Qwen3-Coder-30B-A3B-Instruct,4,96,1,0,generated
ptx|0shot|19_ReLU|Qwen/Qwen3-Coder-30B-A3B-Instruct|4,19_ReLU,Qwen/Qwen3-Coder-30B-A3B-Instruct,4,97,1,0,generated
ptx|0shot|19_ReLU|Qwen/Qwen3-Coder-30B-A3B-Instruct|4,19_ReLU,Qwen/Qwen3-Coder-30B-A3B-Instruct,4,98,1,0,generated
ptx|0shot|19_ReLU|Qwen/Qwen3-Coder-30B-A3B-Instruct|4,19_ReLU,Qwen/Qwen3-Coder-30B-A3B-Instruct,4,99,1,0,generated
ptx|0shot|19_ReLU|Qwen/Qwen3-Coder-30B-A3B-Instruct|4,19_ReLU,Qwen/Qwen3-Coder-30B-A3B-Instruct,4,100,1,0,generated
ptx|0shot|19_ReLU|openai/gpt-oss-120b|0,19_ReLU,openai/gpt-oss-120b,0,1,1,0,generated
ptx|0shot|19_ReLU|openai/gpt-oss-120b|0,19_ReLU,openai/gpt-oss-120b,0,2,1,0,generated
ptx|0shot|19_ReLU|openai/gpt-oss-120b|0,19_ReLU,openai/gpt-oss-120b,0,3,1,0,generated
ptx|0shot|19_ReLU|openai/gpt-oss-120b|0,19_ReLU,openai/gpt-oss-120b,0,4,1,0,generated
ptx|0shot|19_ReLU|openai/gpt-oss-120b|0,19_ReLU,openai/gpt-oss-120b,0,5,1,0,generated
ptx|0shot|19_ReLU|openai/gpt-oss-120b|0,19_ReLU,openai/gpt-oss-120b,0,6,1,0,generated
ptx|0shot|19_ReLU|openai/gpt-oss-120b|0,19_ReLU,openai/gpt-oss-120b,0,7,1,0,generated
ptx|0shot|19_ReLU|openai/gpt-oss-120b|0,19_ReLU,openai/gpt-oss-120b,0,8,1,0,generated
ptx|0shot|19_ReLU|openai/gpt-oss-120b|0,19_ReLU,openai/gpt-oss-120b,0,9,1,0,generated
ptx|0shot|19_ReLU|openai/gpt-oss-120b|0,19_ReLU,openai/gpt-oss-120b,0,10,1,0,generated
ptx|0shot|19_ReLU|openai/gpt-oss-120b|0,19_ReLU,openai/gpt-oss-120b,0,11,1,0,generated
ptx|0shot|19_ReLU|openai/gpt-oss-120b|0,19_ReLU,openai/gpt-oss-120b,0,12,1,0,generated
ptx|0shot|19_ReLU|openai/gpt-oss-120b|0,19_ReLU,openai/gpt-oss-120b,0,13,1,0,generated
ptx|0shot|19_ReLU|openai/gpt-oss-120b|0,19_ReLU,openai/gpt-oss-120b,0,14,1,0,generated
ptx|0shot|19_ReLU|openai/gpt-oss-120b|0,19_ReLU,openai/gpt-oss-120b,0,15,1,0,generated
ptx|0shot|19_ReLU|openai/gpt-oss-120b|0,19_ReLU,openai/gpt-oss-120b,0,16,1,0,generated
ptx|0shot|19_ReLU|openai/gpt-oss-120b|0,19_ReLU,openai/gpt-oss-120b,0,17,1,0,generated
ptx|0shot|19_ReLU|openai/gpt-oss-120b|0,19_ReLU,openai/gpt-oss-120b,0,18,1,0,generated
ptx|0shot|19_ReLU|openai/gpt-oss-120b|0,19_ReLU,openai/gpt-oss-120b,0,19,1,0,generated
ptx|0shot|19_ReLU|openai/gpt-oss-120b|0,19_ReLU,openai/gpt-oss-120b,0,20,1,0,generated
ptx|0shot|19_ReLU|openai/gpt-oss-120b|0,19_ReLU,openai/gpt-oss-120b,0,21,1,0,generated
ptx|0shot|19_ReLU|openai/gpt-oss-120b|0,19_ReLU,openai/gpt-oss-120b,0,22,1,0,generated
ptx|0shot|19_ReLU|openai/gpt-oss-120b|0,19_ReLU,openai/gpt-oss-120b,0,23,1,0,generated
ptx|0shot|19_ReLU|openai/gpt-oss-120b|0,19_ReLU,openai/gpt-oss-120b,0,24,1,0,generated
ptx|0shot|19_ReLU|openai/gpt-oss-120b|0,19_ReLU,openai/gpt-oss-120b,0,25,1,0,generated
ptx|0shot|19_ReLU|openai/gpt-oss-120b|0,19_ReLU,openai/gpt-oss-120b,0,26,1,0,generated
ptx|0shot|19_ReLU|openai/gpt-oss-120b|0,19_ReLU,openai/gpt-oss-120b,0,27,1,0,generated
ptx|0shot|19_ReLU|openai/gpt-oss-120b|0,19_ReLU,openai/gpt-oss-120b,0,28,1,0,generated
ptx|0shot|19_ReLU|openai/gpt-oss-120b|0,19_ReLU,openai/gpt-oss-120b,0,29,1,0,generated
ptx|0shot|19_ReLU|openai/gpt-oss-120b|0,19_ReLU,openai/gpt-oss-120b,0,30,1,0,generated
ptx|0shot|19_ReLU|openai/gpt-oss-120b|0,19_ReLU,openai/gpt-oss-120b,0,31,1,0,generated
ptx|0shot|19_ReLU|openai/gpt-oss-120b|0,19_ReLU,openai/gpt-oss-120b,0,32,1,0,generated
ptx|0shot|19_ReLU|openai/gpt-oss-120b|0,19_ReLU,openai/gpt-oss-120b,0,33,1,0,generated
ptx|0shot|19_ReLU|openai/gpt-oss-120b|0,19_ReLU,openai/gpt-oss-120b,0,34,1,0,generated
ptx|0shot|19_ReLU|openai/gpt-oss-120b|0,19_ReLU,openai/gpt-oss-120b,0,35,1,0,generated
ptx|0shot|19_ReLU|openai/gpt-oss-120b|0,19_ReLU,openai/gpt-oss-120b,0,36,1,0,generated
ptx|0shot|19_ReLU|openai/gpt-oss-120b|0,19_ReLU,openai/gpt-oss-120b,0,37,1,0,generated
ptx|0shot|19_ReLU|openai/gpt-oss-120b|0,19_ReLU,openai/gpt-oss-120b,0,38,1,0,generated
ptx|0shot|19_ReLU|openai/gpt-oss-120b|0,19_ReLU,openai/gpt-oss-120b,0,39,1,0,generated
ptx|0shot|19_ReLU|openai/gpt-oss-120b|0,19_ReLU,openai/gpt-oss-120b,0,40,1,0,generated
ptx|0shot|19_ReLU|openai/gpt-oss-120b|0,19_ReLU,openai/gpt-oss-120b,0,41,1,0,generated
ptx|0shot|19_ReLU|openai/gpt-oss-120b|0,19_ReLU,openai/gpt-oss-120b,0,42,1,0,generated
ptx|0shot|19_ReLU|openai/gpt-oss-120b|0,19_ReLU,openai/gpt-oss-120b,0,43,1,0,generated
ptx|0shot|19_ReLU|openai/gpt-oss-120b|0,19_ReLU,openai/gpt-oss-120b,0,44,1,0,generated
ptx|0shot|19_ReLU|openai/gpt-oss-120b|0,19_ReLU,openai/gpt-oss-120b,0,45,1,0,generated
ptx|0shot|19_ReLU|openai/gpt-oss-120b|0,19_ReLU,openai/gpt-oss-120b,0,46,1,0,generated
ptx|0shot|19_ReLU|openai/gpt-oss-120b|0,19_ReLU,openai/gpt-oss-120b,0,47,1,0,generated
ptx|0shot|19_ReLU|openai/gpt-oss-120b|0,19_ReLU,openai/gpt-oss-120b,0,48,1,0,generated
ptx|0shot|19_ReLU|openai/gpt-oss-120b|0,19_ReLU,openai/gpt-oss-120b,0,49,1,0,generated
ptx|0shot|19_ReLU|openai/gpt-oss-120b|0,19_ReLU,openai/gpt-oss-120b,0,50,1,0,generated
ptx|0shot|19_ReLU|openai/gpt-oss-120b|0,19_ReLU,openai/gpt-oss-120b,0,51,1,0,generated
ptx|0shot|19_ReLU|openai/gpt-oss-120b|0,19_ReLU,openai/gpt-oss-120b,0,52,1,0,generated
ptx|0shot|19_ReLU|openai/gpt-oss-120b|0,19_ReLU,openai/gpt-oss-120b,0,53,1,0,generated
ptx|0shot|19_ReLU|openai/gpt-oss-120b|0,19_ReLU,openai/gpt-oss-120b,0,54,1,0,generated
ptx|0shot|19_ReLU|openai/gpt-oss-120b|0,19_ReLU,openai/gpt-oss-120b,0,55,1,0,generated
ptx|0shot|19_ReLU|openai/gpt-oss-120b|0,19_ReLU,openai/gpt-oss-120b,0,56,1,0,generated
ptx|0shot|19_ReLU|openai/gpt-oss-120b|0,19_ReLU,openai/gpt-oss-120b,0,57,1,0,generated
ptx|0shot|19_ReLU|openai/gpt-oss-120b|0,19_ReLU,openai/gpt-oss-120b,0,58,1,0,generated
ptx|0shot|19_ReLU|openai/gpt-oss-120b|0,19_ReLU,openai/gpt-oss-120b,0,59,1,0,generated
ptx|0shot|19_ReLU|openai/gpt-oss-120b|0,19_ReLU,openai/gpt-oss-120b,0,60,1,0,generated
ptx|0shot|19_ReLU|openai/gpt-oss-120b|0,19_ReLU,openai/gpt-oss-120b,0,61,1,0,generated
ptx|0shot|19_ReLU|openai/gpt-oss-120b|0,19_ReLU,openai/gpt-oss-120b,0,62,1,0,generated
ptx|0shot|19_ReLU|openai/gpt-oss-120b|0,19_ReLU,openai/gpt-oss-120b,0,63,1,0,generated
ptx|0shot|19_ReLU|openai/gpt-oss-120b|0,19_ReLU,openai/gpt-oss-120b,0,64,1,0,generated
ptx|0shot|19_ReLU|openai/gpt-oss-120b|0,19_ReLU,openai/gpt-oss-120b,0,65,1,0,generated
ptx|0shot|19_ReLU|openai/gpt-oss-120b|0,19_ReLU,openai/gpt-oss-120b,0,66,1,0,generated
ptx|0shot|19_ReLU|openai/gpt-oss-120b|0,19_ReLU,openai/gpt-oss-120b,0,67,1,0,generated
ptx|0shot|19_ReLU|openai/gpt-oss-120b|0,19_ReLU,openai/gpt-oss-120b,0,68,1,0,generated
ptx|0shot|19_ReLU|openai/gpt-oss-120b|0,19_ReLU,openai/gpt-oss-120b,0,69,1,0,generated
ptx|0shot|19_ReLU|openai/gpt-oss-120b|0,19_ReLU,openai/gpt-oss-120b,0,70,1,0,generated
ptx|0shot|19_ReLU|openai/gpt-oss-120b|0,19_ReLU,openai/gpt-oss-120b,0,71,1,0,generated
ptx|0shot|19_ReLU|openai/gpt-oss-120b|0,19_ReLU,openai/gpt-oss-120b,0,72,1,0,generated
ptx|0shot|19_ReLU|openai/gpt-oss-120b|0,19_ReLU,openai/gpt-oss-120b,0,73,1,0,generated
ptx|0shot|19_ReLU|openai/gpt-oss-120b|0,19_ReLU,openai/gpt-oss-120b,0,74,1,0,generated
ptx|0shot|19_ReLU|openai/gpt-oss-120b|0,19_ReLU,openai/gpt-oss-120b,0,75,1,0,generated
ptx|0shot|19_ReLU|openai/gpt-oss-120b|0,19_ReLU,openai/gpt-oss-120b,0,76,1,0,generated
ptx|0shot|19_ReLU|openai/gpt-oss-120b|0,19_ReLU,openai/gpt-oss-120b,0,77,1,0,generated
ptx|0shot|19_ReLU|openai/gpt-oss-120b|0,19_ReLU,openai/gpt-oss-120b,0,78,1,0,generated
ptx|0shot|19_ReLU|openai/gpt-oss-120b|0,19_ReLU,openai/gpt-oss-120b,0,79,1,0,generated
ptx|0shot|19_ReLU|openai/gpt-oss-120b|0,19_ReLU,openai/gpt-oss-120b,0,80,1,0,generated
ptx|0shot|19_ReLU|openai/gpt-oss-120b|0,19_ReLU,openai/gpt-oss-120b,0,81,1,0,generated
ptx|0shot|19_ReLU|openai/gpt-oss-120b|0,19_ReLU,openai/gpt-oss-120b,0,82,1,0,generated
ptx|0shot|19_ReLU|openai/gpt-oss-120b|0,19_ReLU,openai/gpt-oss-120b,0,83,1,0,generated
ptx|0shot|19_ReLU|openai/gpt-oss-120b|0,19_ReLU,openai/gpt-oss-120b,0,84,1,0,generated
ptx|0shot|19_ReLU|openai/gpt-oss-120b|0,19_ReLU,openai/gpt-oss-120b,0,85,1,0,generated
ptx|0shot|19_ReLU|openai/gpt-oss-120b|0,19_ReLU,openai/gpt-oss-120b,0,86,1,0,generated
ptx|0shot|19_ReLU|openai/gpt-oss-120b|0,19_ReLU,openai/gpt-oss-120b,0,87,1,0,generated
ptx|0shot|19_ReLU|openai/gpt-oss-120b|0,19_ReLU,openai/gpt-oss-120b,0,88,1,0,generated
ptx|0shot|19_ReLU|openai/gpt-oss-120b|0,19_ReLU,openai/gpt-oss-120b,0,89,1,0,generated
ptx|0shot|19_ReLU|openai/gpt-oss-120b|0,19_ReLU,openai/gpt-oss-120b,0,90,1,0,generated
ptx|0shot|19_ReLU|openai/gpt-oss-120b|0,19_ReLU,openai/gpt-oss-120b,0,91,1,0,generated
ptx|0shot|19_ReLU|openai/gpt-oss-120b|0,19_ReLU,openai/gpt-oss-120b,0,92,1,0,generated
ptx|0shot|19_ReLU|openai/gpt-oss-120b|0,19_ReLU,openai/gpt-oss-120b,0,93,1,0,generated
ptx|0shot|19_ReLU|openai/gpt-oss-120b|0,19_ReLU,openai/gpt-oss-120b,0,94,1,0,generated
ptx|0shot|19_ReLU|openai/gpt-oss-120b|0,19_ReLU,openai/gpt-oss-120b,0,95,1,0,generated
ptx|0shot|19_ReLU|openai/gpt-oss-120b|0,19_ReLU,openai/gpt-oss-120b,0,96,1,0,generated
ptx|0shot|19_ReLU|openai/gpt-oss-120b|0,19_ReLU,openai/gpt-oss-120b,0,97,1,0,generated
ptx|0shot|19_ReLU|openai/gpt-oss-120b|0,19_ReLU,openai/gpt-oss-120b,0,98,1,0,generated
ptx|0shot|19_ReLU|openai/gpt-oss-120b|0,19_ReLU,openai/gpt-oss-120b,0,99,1,0,generated
ptx|0shot|19_ReLU|openai/gpt-oss-120b|0,19_ReLU,openai/gpt-oss-120b,0,100,1,0,generated
ptx|0shot|19_ReLU|openai/gpt-oss-120b|1,19_ReLU,openai/gpt-oss-120b,1,1,1,0,generated
ptx|0shot|19_ReLU|openai/gpt-oss-120b|1,19_ReLU,openai/gpt-oss-120b,1,2,1,0,generated
ptx|0shot|19_ReLU|openai/gpt-oss-120b|1,19_ReLU,openai/gpt-oss-120b,1,3,1,0,generated
ptx|0shot|19_ReLU|openai/gpt-oss-120b|1,19_ReLU,openai/gpt-oss-120b,1,4,1,0,generated
ptx|0shot|19_ReLU|openai/gpt-oss-120b|1,19_ReLU,openai/gpt-oss-120b,1,5,1,0,generated
ptx|0shot|19_ReLU|openai/gpt-oss-120b|1,19_ReLU,openai/gpt-oss-120b,1,6,1,0,generated
ptx|0shot|19_ReLU|openai/gpt-oss-120b|1,19_ReLU,openai/gpt-oss-120b,1,7,1,0,generated
ptx|0shot|19_ReLU|openai/gpt-oss-120b|1,19_ReLU,openai/gpt-oss-120b,1,8,1,0,generated
ptx|0shot|19_ReLU|openai/gpt-oss-120b|1,19_ReLU,openai/gpt-oss-120b,1,9,1,0,generated
ptx|0shot|19_ReLU|openai/gpt-oss-120b|1,19_ReLU,openai/gpt-oss-120b,1,10,1,0,generated
ptx|0shot|19_ReLU|openai/gpt-oss-120b|1,19_ReLU,openai/gpt-oss-120b,1,11,1,0,generated
ptx|0shot|19_ReLU|openai/gpt-oss-120b|1,19_ReLU,openai/gpt-oss-120b,1,12,1,0,generated
ptx|0shot|19_ReLU|openai/gpt-oss-120b|1,19_ReLU,openai/gpt-oss-120b,1,13,1,0,generated
ptx|0shot|19_ReLU|openai/gpt-oss-120b|1,19_ReLU,openai/gpt-oss-120b,1,14,1,0,generated
ptx|0shot|19_ReLU|openai/gpt-oss-120b|1,19_ReLU,openai/gpt-oss-120b,1,15,1,0,generated
ptx|0shot|19_ReLU|openai/gpt-oss-120b|1,19_ReLU,openai/gpt-oss-120b,1,16,1,0,generated
ptx|0shot|19_ReLU|openai/gpt-oss-120b|1,19_ReLU,openai/gpt-oss-120b,1,17,1,0,generated
ptx|0shot|19_ReLU|openai/gpt-oss-120b|1,19_ReLU,openai/gpt-oss-120b,1,18,1,0,generated
ptx|0shot|19_ReLU|openai/gpt-oss-120b|1,19_ReLU,openai/gpt-oss-120b,1,19,1,0,generated
ptx|0shot|19_ReLU|openai/gpt-oss-120b|1,19_ReLU,openai/gpt-oss-120b,1,20,1,0,generated
ptx|0shot|19_ReLU|openai/gpt-oss-120b|1,19_ReLU,openai/gpt-oss-120b,1,21,1,0,generated
ptx|0shot|19_ReLU|openai/gpt-oss-120b|1,19_ReLU,openai/gpt-oss-120b,1,22,1,0,generated
ptx|0shot|19_ReLU|openai/gpt-oss-120b|1,19_ReLU,openai/gpt-oss-120b,1,23,1,0,generated
ptx|0shot|19_ReLU|openai/gpt-oss-120b|1,19_ReLU,openai/gpt-oss-120b,1,24,1,0,generated
ptx|0shot|19_ReLU|openai/gpt-oss-120b|1,19_ReLU,openai/gpt-oss-120b,1,25,1,0,generated
ptx|0shot|19_ReLU|openai/gpt-oss-120b|1,19_ReLU,openai/gpt-oss-120b,1,26,1,0,generated
ptx|0shot|19_ReLU|openai/gpt-oss-120b|1,19_ReLU,openai/gpt-oss-120b,1,27,1,0,generated
ptx|0shot|19_ReLU|openai/gpt-oss-120b|1,19_ReLU,openai/gpt-oss-120b,1,28,1,0,generated
ptx|0shot|19_ReLU|openai/gpt-oss-120b|1,19_ReLU,openai/gpt-oss-120b,1,29,1,0,generated
ptx|0shot|19_ReLU|openai/gpt-oss-120b|1,19_ReLU,openai/gpt-oss-120b,1,30,1,0,generated
ptx|0shot|19_ReLU|openai/gpt-oss-120b|1,19_ReLU,openai/gpt-oss-120b,1,31,1,0,generated
ptx|0shot|19_ReLU|openai/gpt-oss-120b|1,19_ReLU,openai/gpt-oss-120b,1,32,1,0,generated
ptx|0shot|19_ReLU|openai/gpt-oss-120b|1,19_ReLU,openai/gpt-oss-120b,1,33,1,0,generated
ptx|0shot|19_ReLU|openai/gpt-oss-120b|1,19_ReLU,openai/gpt-oss-120b,1,34,1,0,generated
ptx|0shot|19_ReLU|openai/gpt-oss-120b|1,19_ReLU,openai/gpt-oss-120b,1,35,1,0,generated
ptx|0shot|19_ReLU|openai/gpt-oss-120b|1,19_ReLU,openai/gpt-oss-120b,1,36,1,0,generated
ptx|0shot|19_ReLU|openai/gpt-oss-120b|1,19_ReLU,openai/gpt-oss-120b,1,37,1,0,generated
ptx|0shot|19_ReLU|openai/gpt-oss-120b|1,19_ReLU,openai/gpt-oss-120b,1,38,1,0,generated
ptx|0shot|19_ReLU|openai/gpt-oss-120b|1,19_ReLU,openai/gpt-oss-120b,1,39,1,0,generated
ptx|0shot|19_ReLU|openai/gpt-oss-120b|1,19_ReLU,openai/gpt-oss-120b,1,40,1,0,generated
ptx|0shot|19_ReLU|openai/gpt-oss-120b|1,19_ReLU,openai/gpt-oss-120b,1,41,1,0,generated
ptx|0shot|19_ReLU|openai/gpt-oss-120b|1,19_ReLU,openai/gpt-oss-120b,1,42,1,0,generated
ptx|0shot|19_ReLU|openai/gpt-oss-120b|1,19_ReLU,openai/gpt-oss-120b,1,43,1,0,generated
ptx|0shot|19_ReLU|openai/gpt-oss-120b|1,19_ReLU,openai/gpt-oss-120b,1,44,1,0,generated
ptx|0shot|19_ReLU|openai/gpt-oss-120b|1,19_ReLU,openai/gpt-oss-120b,1,45,1,0,generated
ptx|0shot|19_ReLU|openai/gpt-oss-120b|1,19_ReLU,openai/gpt-oss-120b,1,46,1,0,generated
ptx|0shot|19_ReLU|openai/gpt-oss-120b|1,19_ReLU,openai/gpt-oss-120b,1,47,1,0,generated
ptx|0shot|19_ReLU|openai/gpt-oss-120b|1,19_ReLU,openai/gpt-oss-120b,1,48,1,0,generated
ptx|0shot|19_ReLU|openai/gpt-oss-120b|1,19_ReLU,openai/gpt-oss-120b,1,49,1,0,generated
ptx|0shot|19_ReLU|openai/gpt-oss-120b|1,19_ReLU,openai/gpt-oss-120b,1,50,1,0,generated
ptx|0shot|19_ReLU|openai/gpt-oss-120b|1,19_ReLU,openai/gpt-oss-120b,1,51,1,0,generated
ptx|0shot|19_ReLU|openai/gpt-oss-120b|1,19_ReLU,openai/gpt-oss-120b,1,52,1,0,generated
ptx|0shot|19_ReLU|openai/gpt-oss-120b|1,19_ReLU,openai/gpt-oss-120b,1,53,1,0,generated
ptx|0shot|19_ReLU|openai/gpt-oss-120b|1,19_ReLU,openai/gpt-oss-120b,1,54,1,0,generated
ptx|0shot|19_ReLU|openai/gpt-oss-120b|1,19_ReLU,openai/gpt-oss-120b,1,55,1,0,generated
ptx|0shot|19_ReLU|openai/gpt-oss-120b|1,19_ReLU,openai/gpt-oss-120b,1,56,1,0,generated
ptx|0shot|19_ReLU|openai/gpt-oss-120b|1,19_ReLU,openai/gpt-oss-120b,1,57,1,0,generated
ptx|0shot|19_ReLU|openai/gpt-oss-120b|1,19_ReLU,openai/gpt-oss-120b,1,58,1,0,generated
ptx|0shot|19_ReLU|openai/gpt-oss-120b|1,19_ReLU,openai/gpt-oss-120b,1,59,1,0,generated
ptx|0shot|19_ReLU|openai/gpt-oss-120b|1,19_ReLU,openai/gpt-oss-120b,1,60,1,0,generated
ptx|0shot|19_ReLU|openai/gpt-oss-120b|1,19_ReLU,openai/gpt-oss-120b,1,61,1,0,generated
ptx|0shot|19_ReLU|openai/gpt-oss-120b|1,19_ReLU,openai/gpt-oss-120b,1,62,1,0,generated
ptx|0shot|19_ReLU|openai/gpt-oss-120b|1,19_ReLU,openai/gpt-oss-120b,1,63,1,0,generated
ptx|0shot|19_ReLU|openai/gpt-oss-120b|1,19_ReLU,openai/gpt-oss-120b,1,64,1,0,generated
ptx|0shot|19_ReLU|openai/gpt-oss-120b|1,19_ReLU,openai/gpt-oss-120b,1,65,1,0,generated
ptx|0shot|19_ReLU|openai/gpt-oss-120b|1,19_ReLU,openai/gpt-oss-120b,1,66,1,0,generated
ptx|0shot|19_ReLU|openai/gpt-oss-120b|1,19_ReLU,openai/gpt-oss-120b,1,67,1,0,generated
ptx|0shot|19_ReLU|openai/gpt-oss-120b|1,19_ReLU,openai/gpt-oss-120b,1,68,1,0,generated
ptx|0shot|19_ReLU|openai/gpt-oss-120b|1,19_ReLU,openai/gpt-oss-120b,1,69,1,0,generated
ptx|0shot|19_ReLU|openai/gpt-oss-120b|1,19_ReLU,openai/gpt-oss-120b,1,70,1,0,generated
ptx|0shot|19_ReLU|openai/gpt-oss-120b|1,19_ReLU,openai/gpt-oss-120b,1,71,1,0,generated
ptx|0shot|19_ReLU|openai/gpt-oss-120b|1,19_ReLU,openai/gpt-oss-120b,1,72,1,0,generated
ptx|0shot|19_ReLU|openai/gpt-oss-120b|1,19_ReLU,openai/gpt-oss-120b,1,73,1,0,generated
ptx|0shot|19_ReLU|openai/gpt-oss-120b|1,19_ReLU,openai/gpt-oss-120b,1,74,1,0,generated
ptx|0shot|19_ReLU|openai/gpt-oss-120b|1,19_ReLU,openai/gpt-oss-120b,1,75,1,0,generated
ptx|0shot|19_ReLU|openai/gpt-oss-120b|1,19_ReLU,openai/gpt-oss-120b,1,76,1,0,generated
ptx|0shot|19_ReLU|openai/gpt-oss-120b|1,19_ReLU,openai/gpt-oss-120b,1,77,1,0,generated
ptx|0shot|19_ReLU|openai/gpt-oss-120b|1,19_ReLU,openai/gpt-oss-120b,1,78,1,0,generated
ptx|0shot|19_ReLU|openai/gpt-oss-120b|1,19_ReLU,openai/gpt-oss-120b,1,79,1,0,generated
ptx|0shot|19_ReLU|openai/gpt-oss-120b|1,19_ReLU,openai/gpt-oss-120b,1,80,1,0,generated
ptx|0shot|19_ReLU|openai/gpt-oss-120b|1,19_ReLU,openai/gpt-oss-120b,1,81,1,0,generated
ptx|0shot|19_ReLU|openai/gpt-oss-120b|1,19_ReLU,openai/gpt-oss-120b,1,82,1,0,generated
ptx|0shot|19_ReLU|openai/gpt-oss-120b|1,19_ReLU,openai/gpt-oss-120b,1,83,1,0,generated
ptx|0shot|19_ReLU|openai/gpt-oss-120b|1,19_ReLU,openai/gpt-oss-120b,1,84,1,0,generated
ptx|0shot|19_ReLU|openai/gpt-oss-120b|1,19_ReLU,openai/gpt-oss-120b,1,85,1,0,generated
ptx|0shot|19_ReLU|openai/gpt-oss-120b|1,19_ReLU,openai/gpt-oss-120b,1,86,1,0,generated
ptx|0shot|19_ReLU|openai/gpt-oss-120b|1,19_ReLU,openai/gpt-oss-120b,1,87,1,0,generated
ptx|0shot|19_ReLU|openai/gpt-oss-120b|1,19_ReLU,openai/gpt-oss-120b,1,88,1,0,generated
ptx|0shot|19_ReLU|openai/gpt-oss-120b|1,19_ReLU,openai/gpt-oss-120b,1,89,1,0,generated
ptx|0shot|19_ReLU|openai/gpt-oss-120b|1,19_ReLU,openai/gpt-oss-120b,1,90,1,0,generated
ptx|0shot|19_ReLU|openai/gpt-oss-120b|1,19_ReLU,openai/gpt-oss-120b,1,91,1,0,generated
ptx|0shot|19_ReLU|openai/gpt-oss-120b|1,19_ReLU,openai/gpt-oss-120b,1,92,1,0,generated
ptx|0shot|19_ReLU|openai/gpt-oss-120b|1,19_ReLU,openai/gpt-oss-120b,1,93,1,0,generated
ptx|0shot|19_ReLU|openai/gpt-oss-120b|1,19_ReLU,openai/gpt-oss-120b,1,94,1,0,generated
ptx|0shot|19_ReLU|openai/gpt-oss-120b|1,19_ReLU,openai/gpt-oss-120b,1,95,1,0,generated
ptx|0shot|19_ReLU|openai/gpt-oss-120b|1,19_ReLU,openai/gpt-oss-120b,1,96,1,0,generated
ptx|0shot|19_ReLU|openai/gpt-oss-120b|1,19_ReLU,openai/gpt-oss-120b,1,97,1,0,generated
ptx|0shot|19_ReLU|openai/gpt-oss-120b|1,19_ReLU,openai/gpt-oss-120b,1,98,1,0,generated
ptx|0shot|19_ReLU|openai/gpt-oss-120b|1,19_ReLU,openai/gpt-oss-120b,1,99,1,0,generated
ptx|0shot|19_ReLU|openai/gpt-oss-120b|1,19_ReLU,openai/gpt-oss-120b,1,100,1,0,generated
ptx|0shot|19_ReLU|openai/gpt-oss-120b|2,19_ReLU,openai/gpt-oss-120b,2,1,1,0,generated
ptx|0shot|19_ReLU|openai/gpt-oss-120b|2,19_ReLU,openai/gpt-oss-120b,2,2,1,0,generated
ptx|0shot|19_ReLU|openai/gpt-oss-120b|2,19_ReLU,openai/gpt-oss-120b,2,3,1,0,generated
ptx|0shot|19_ReLU|openai/gpt-oss-120b|2,19_ReLU,openai/gpt-oss-120b,2,4,1,0,generated
ptx|0shot|19_ReLU|openai/gpt-oss-120b|2,19_ReLU,openai/gpt-oss-120b,2,5,1,0,generated
ptx|0shot|19_ReLU|openai/gpt-oss-120b|2,19_ReLU,openai/gpt-oss-120b,2,6,1,0,generated
ptx|0shot|19_ReLU|openai/gpt-oss-120b|2,19_ReLU,openai/gpt-oss-120b,2,7,1,0,generated
ptx|0shot|19_ReLU|openai/gpt-oss-120b|2,19_ReLU,openai/gpt-oss-120b,2,8,1,0,generated
ptx|0shot|19_ReLU|openai/gpt-oss-120b|2,19_ReLU,openai/gpt-oss-120b,2,9,1,0,generated
ptx|0shot|19_ReLU|openai/gpt-oss-120b|2,19_ReLU,openai/gpt-oss-120b,2,10,1,0,generated
ptx|0shot|19_ReLU|openai/gpt-oss-120b|2,19_ReLU,openai/gpt-oss-120b,2,11,1,0,generated
ptx|0shot|19_ReLU|openai/gpt-oss-120b|2,19_ReLU,openai/gpt-oss-120b,2,12,1,0,generated
ptx|0shot|19_ReLU|openai/gpt-oss-120b|2,19_ReLU,openai/gpt-oss-120b,2,13,1,0,generated
ptx|0shot|19_ReLU|openai/gpt-oss-120b|2,19_ReLU,openai/gpt-oss-120b,2,14,1,0,generated
ptx|0shot|19_ReLU|openai/gpt-oss-120b|2,19_ReLU,openai/gpt-oss-120b,2,15,1,0,generated
ptx|0shot|19_ReLU|openai/gpt-oss-120b|2,19_ReLU,openai/gpt-oss-120b,2,16,1,0,generated
ptx|0shot|19_ReLU|openai/gpt-oss-120b|2,19_ReLU,openai/gpt-oss-120b,2,17,1,0,generated
ptx|0shot|19_ReLU|openai/gpt-oss-120b|2,19_ReLU,openai/gpt-oss-120b,2,18,1,0,generated
ptx|0shot|19_ReLU|openai/gpt-oss-120b|2,19_ReLU,openai/gpt-oss-120b,2,19,1,0,generated
ptx|0shot|19_ReLU|openai/gpt-oss-120b|2,19_ReLU,openai/gpt-oss-120b,2,20,1,0,generated
ptx|0shot|19_ReLU|openai/gpt-oss-120b|2,19_ReLU,openai/gpt-oss-120b,2,21,1,0,generated
ptx|0shot|19_ReLU|openai/gpt-oss-120b|2,19_ReLU,openai/gpt-oss-120b,2,22,1,0,generated
ptx|0shot|19_ReLU|openai/gpt-oss-120b|2,19_ReLU,openai/gpt-oss-120b,2,23,1,0,generated
ptx|0shot|19_ReLU|openai/gpt-oss-120b|2,19_ReLU,openai/gpt-oss-120b,2,24,1,0,generated
ptx|0shot|19_ReLU|openai/gpt-oss-120b|2,19_ReLU,openai/gpt-oss-120b,2,25,1,0,generated
ptx|0shot|19_ReLU|openai/gpt-oss-120b|2,19_ReLU,openai/gpt-oss-120b,2,26,1,0,generated
ptx|0shot|19_ReLU|openai/gpt-oss-120b|2,19_ReLU,openai/gpt-oss-120b,2,27,1,0,generated
ptx|0shot|19_ReLU|openai/gpt-oss-120b|2,19_ReLU,openai/gpt-oss-120b,2,28,1,0,generated
ptx|0shot|19_ReLU|openai/gpt-oss-120b|2,19_ReLU,openai/gpt-oss-120b,2,29,1,0,generated
ptx|0shot|19_ReLU|openai/gpt-oss-120b|2,19_ReLU,openai/gpt-oss-120b,2,30,1,0,generated
ptx|0shot|19_ReLU|openai/gpt-oss-120b|2,19_ReLU,openai/gpt-oss-120b,2,31,1,0,generated
ptx|0shot|19_ReLU|openai/gpt-oss-120b|2,19_ReLU,openai/gpt-oss-120b,2,32,1,0,generated
ptx|0shot|19_ReLU|openai/gpt-oss-120b|2,19_ReLU,openai/gpt-oss-120b,2,33,1,0,generated
ptx|0shot|19_ReLU|openai/gpt-oss-120b|2,19_ReLU,openai/gpt-oss-120b,2,34,1,0,generated
ptx|0shot|19_ReLU|openai/gpt-oss-120b|2,19_ReLU,openai/gpt-oss-120b,2,35,1,0,generated
ptx|0shot|19_ReLU|openai/gpt-oss-120b|2,19_ReLU,openai/gpt-oss-120b,2,36,1,0,generated
ptx|0shot|19_ReLU|openai/gpt-oss-120b|2,19_ReLU,openai/gpt-oss-120b,2,37,1,0,generated
ptx|0shot|19_ReLU|openai/gpt-oss-120b|2,19_ReLU,openai/gpt-oss-120b,2,38,1,0,generated
ptx|0shot|19_ReLU|openai/gpt-oss-120b|2,19_ReLU,openai/gpt-oss-120b,2,39,1,0,generated
ptx|0shot|19_ReLU|openai/gpt-oss-120b|2,19_ReLU,openai/gpt-oss-120b,2,40,1,0,generated
ptx|0shot|19_ReLU|openai/gpt-oss-120b|2,19_ReLU,openai/gpt-oss-120b,2,41,1,0,generated
ptx|0shot|19_ReLU|openai/gpt-oss-120b|2,19_ReLU,openai/gpt-oss-120b,2,42,1,0,generated
ptx|0shot|19_ReLU|openai/gpt-oss-120b|2,19_ReLU,openai/gpt-oss-120b,2,43,1,0,generated
ptx|0shot|19_ReLU|openai/gpt-oss-120b|2,19_ReLU,openai/gpt-oss-120b,2,44,1,0,generated
ptx|0shot|19_ReLU|openai/gpt-oss-120b|2,19_ReLU,openai/gpt-oss-120b,2,45,1,0,generated
ptx|0shot|19_ReLU|openai/gpt-oss-120b|2,19_ReLU,openai/gpt-oss-120b,2,46,1,0,generated
ptx|0shot|19_ReLU|openai/gpt-oss-120b|2,19_ReLU,openai/gpt-oss-120b,2,47,1,0,generated
ptx|0shot|19_ReLU|openai/gpt-oss-120b|2,19_ReLU,openai/gpt-oss-120b,2,48,1,0,generated
ptx|0shot|19_ReLU|openai/gpt-oss-120b|2,19_ReLU,openai/gpt-oss-120b,2,49,1,0,generated
ptx|0shot|19_ReLU|openai/gpt-oss-120b|2,19_ReLU,openai/gpt-oss-120b,2,50,1,0,generated
ptx|0shot|19_ReLU|openai/gpt-oss-120b|2,19_ReLU,openai/gpt-oss-120b,2,51,1,0,generated
ptx|0shot|19_ReLU|openai/gpt-oss-120b|2,19_ReLU,openai/gpt-oss-120b,2,52,1,0,generated
ptx|0shot|19_ReLU|openai/gpt-oss-120b|2,19_ReLU,openai/gpt-oss-120b,2,53,1,0,generated
ptx|0shot|19_ReLU|openai/gpt-oss-120b|2,19_ReLU,openai/gpt-oss-120b,2,54,1,0,generated
ptx|0shot|19_ReLU|openai/gpt-oss-120b|2,19_ReLU,openai/gpt-oss-120b,2,55,1,0,generated
ptx|0shot|19_ReLU|openai/gpt-oss-120b|2,19_ReLU,openai/gpt-oss-120b,2,56,1,0,generated
ptx|0shot|19_ReLU|openai/gpt-oss-120b|2,19_ReLU,openai/gpt-oss-120b,2,57,1,0,generated
ptx|0shot|19_ReLU|openai/gpt-oss-120b|2,19_ReLU,openai/gpt-oss-120b,2,58,1,0,generated
ptx|0shot|19_ReLU|openai/gpt-oss-120b|2,19_ReLU,openai/gpt-oss-120b,2,59,1,0,generated
ptx|0shot|19_ReLU|openai/gpt-oss-120b|2,19_ReLU,openai/gpt-oss-120b,2,60,1,0,generated
ptx|0shot|19_ReLU|openai/gpt-oss-120b|2,19_ReLU,openai/gpt-oss-120b,2,61,1,0,generated
ptx|0shot|19_ReLU|openai/gpt-oss-120b|2,19_ReLU,openai/gpt-oss-120b,2,62,1,0,generated
ptx|0shot|19_ReLU|openai/gpt-oss-120b|2,19_ReLU,openai/gpt-oss-120b,2,63,1,0,generated
ptx|0shot|19_ReLU|openai/gpt-oss-120b|2,19_ReLU,openai/gpt-oss-120b,2,64,1,0,generated
ptx|0shot|19_ReLU|openai/gpt-oss-120b|2,19_ReLU,openai/gpt-oss-120b,2,65,1,0,generated
ptx|0shot|19_ReLU|openai/gpt-oss-120b|2,19_ReLU,openai/gpt-oss-120b,2,66,1,0,generated
ptx|0shot|19_ReLU|openai/gpt-oss-120b|2,19_ReLU,openai/gpt-oss-120b,2,67,1,0,generated
ptx|0shot|19_ReLU|openai/gpt-oss-120b|2,19_ReLU,openai/gpt-oss-120b,2,68,1,0,generated
ptx|0shot|19_ReLU|openai/gpt-oss-120b|2,19_ReLU,openai/gpt-oss-120b,2,69,1,0,generated
ptx|0shot|19_ReLU|openai/gpt-oss-120b|2,19_ReLU,openai/gpt-oss-120b,2,70,1,0,generated
ptx|0shot|19_ReLU|openai/gpt-oss-120b|2,19_ReLU,openai/gpt-oss-120b,2,71,1,0,generated
ptx|0shot|19_ReLU|openai/gpt-oss-120b|2,19_ReLU,openai/gpt-oss-120b,2,72,1,0,generated
ptx|0shot|19_ReLU|openai/gpt-oss-120b|2,19_ReLU,openai/gpt-oss-120b,2,73,1,0,generated
ptx|0shot|19_ReLU|openai/gpt-oss-120b|2,19_ReLU,openai/gpt-oss-120b,2,74,1,0,generated
ptx|0shot|19_ReLU|openai/gpt-oss-120b|2,19_ReLU,openai/gpt-oss-120b,2,75,1,0,generated
ptx|0shot|19_ReLU|openai/gpt-oss-120b|2,19_ReLU,openai/gpt-oss-120b,2,76,1,0,generated
ptx|0shot|19_ReLU|openai/gpt-oss-120b|2,19_ReLU,openai/gpt-oss-120b,2,77,1,0,generated
ptx|0shot|19_ReLU|openai/gpt-oss-120b|2,19_ReLU,openai/gpt-oss-120b,2,78,1,0,generated
ptx|0shot|19_ReLU|openai/gpt-oss-120b|2,19_ReLU,openai/gpt-oss-120b,2,79,1,0,generated
ptx|0shot|19_ReLU|openai/gpt-oss-120b|2,19_ReLU,openai/gpt-oss-120b,2,80,1,0,generated
ptx|0shot|19_ReLU|openai/gpt-oss-120b|2,19_ReLU,openai/gpt-oss-120b,2,81,1,0,generated
ptx|0shot|19_ReLU|openai/gpt-oss-120b|2,19_ReLU,openai/gpt-oss-120b,2,82,1,0,generated
ptx|0shot|19_ReLU|openai/gpt-oss-120b|2,19_ReLU,openai/gpt-oss-120b,2,83,1,0,generated
ptx|0shot|19_ReLU|openai/gpt-oss-120b|2,19_ReLU,openai/gpt-oss-120b,2,84,1,0,generated
ptx|0shot|19_ReLU|openai/gpt-oss-120b|2,19_ReLU,openai/gpt-oss-120b,2,85,1,0,generated
ptx|0shot|19_ReLU|openai/gpt-oss-120b|2,19_ReLU,openai/gpt-oss-120b,2,86,1,0,generated
ptx|0shot|19_ReLU|openai/gpt-oss-120b|2,19_ReLU,openai/gpt-oss-120b,2,87,1,0,generated
ptx|0shot|19_ReLU|openai/gpt-oss-120b|2,19_ReLU,openai/gpt-oss-120b,2,88,1,0,generated
ptx|0shot|19_ReLU|openai/gpt-oss-120b|2,19_ReLU,openai/gpt-oss-120b,2,89,1,0,generated
ptx|0shot|19_ReLU|openai/gpt-oss-120b|2,19_ReLU,openai/gpt-oss-120b,2,90,1,0,generated
ptx|0shot|19_ReLU|openai/gpt-oss-120b|2,19_ReLU,openai/gpt-oss-120b,2,91,1,0,generated
ptx|0shot|19_ReLU|openai/gpt-oss-120b|2,19_ReLU,openai/gpt-oss-120b,2,92,1,0,generated
ptx|0shot|19_ReLU|openai/gpt-oss-120b|2,19_ReLU,openai/gpt-oss-120b,2,93,1,0,generated
ptx|0shot|19_ReLU|openai/gpt-oss-120b|2,19_ReLU,openai/gpt-oss-120b,2,94,1,0,generated
ptx|0shot|19_ReLU|openai/gpt-oss-120b|2,19_ReLU,openai/gpt-oss-120b,2,95,1,0,generated
ptx|0shot|19_ReLU|openai/gpt-oss-120b|2,19_ReLU,openai/gpt-oss-120b,2,96,1,0,generated
ptx|0shot|19_ReLU|openai/gpt-oss-120b|2,19_ReLU,openai/gpt-oss-120b,2,97,1,0,generated
ptx|0shot|19_ReLU|openai/gpt-oss-120b|2,19_ReLU,openai/gpt-oss-120b,2,98,1,0,generated
ptx|0shot|19_ReLU|openai/gpt-oss-120b|2,19_ReLU,openai/gpt-oss-120b,2,99,1,0,generated
ptx|0shot|19_ReLU|openai/gpt-oss-120b|2,19_ReLU,openai/gpt-oss-120b,2,100,1,0,generated
ptx|0shot|19_ReLU|openai/gpt-oss-120b|3,19_ReLU,openai/gpt-oss-120b,3,1,1,0,generated
ptx|0shot|19_ReLU|openai/gpt-oss-120b|3,19_ReLU,openai/gpt-oss-120b,3,2,1,0,generated
ptx|0shot|19_ReLU|openai/gpt-oss-120b|3,19_ReLU,openai/gpt-oss-120b,3,3,1,0,generated
ptx|0shot|19_ReLU|openai/gpt-oss-120b|3,19_ReLU,openai/gpt-oss-120b,3,4,1,0,generated
ptx|0shot|19_ReLU|openai/gpt-oss-120b|3,19_ReLU,openai/gpt-oss-120b,3,5,1,0,generated
ptx|0shot|19_ReLU|openai/gpt-oss-120b|3,19_ReLU,openai/gpt-oss-120b,3,6,1,0,generated
ptx|0shot|19_ReLU|openai/gpt-oss-120b|3,19_ReLU,openai/gpt-oss-120b,3,7,1,0,generated
ptx|0shot|19_ReLU|openai/gpt-oss-120b|3,19_ReLU,openai/gpt-oss-120b,3,8,1,0,generated
ptx|0shot|19_ReLU|openai/gpt-oss-120b|3,19_ReLU,openai/gpt-oss-120b,3,9,1,0,generated
ptx|0shot|19_ReLU|openai/gpt-oss-120b|3,19_ReLU,openai/gpt-oss-120b,3,10,1,0,generated
ptx|0shot|19_ReLU|openai/gpt-oss-120b|3,19_ReLU,openai/gpt-oss-120b,3,11,1,0,generated
ptx|0shot|19_ReLU|openai/gpt-oss-120b|3,19_ReLU,openai/gpt-oss-120b,3,12,1,0,generated
ptx|0shot|19_ReLU|openai/gpt-oss-120b|3,19_ReLU,openai/gpt-oss-120b,3,13,1,0,generated
ptx|0shot|19_ReLU|openai/gpt-oss-120b|3,19_ReLU,openai/gpt-oss-120b,3,14,1,0,generated
ptx|0shot|19_ReLU|openai/gpt-oss-120b|3,19_ReLU,openai/gpt-oss-120b,3,15,1,0,generated
ptx|0shot|19_ReLU|openai/gpt-oss-120b|3,19_ReLU,openai/gpt-oss-120b,3,16,1,0,generated
ptx|0shot|19_ReLU|openai/gpt-oss-120b|3,19_ReLU,openai/gpt-oss-120b,3,17,1,0,generated
ptx|0shot|19_ReLU|openai/gpt-oss-120b|3,19_ReLU,openai/gpt-oss-120b,3,18,1,0,generated
ptx|0shot|19_ReLU|openai/gpt-oss-120b|3,19_ReLU,openai/gpt-oss-120b,3,19,1,0,generated
ptx|0shot|19_ReLU|openai/gpt-oss-120b|3,19_ReLU,openai/gpt-oss-120b,3,20,1,0,generated
ptx|0shot|19_ReLU|openai/gpt-oss-120b|3,19_ReLU,openai/gpt-oss-120b,3,21,1,0,generated
ptx|0shot|19_ReLU|openai/gpt-oss-120b|3,19_ReLU,openai/gpt-oss-120b,3,22,1,0,generated
ptx|0shot|19_ReLU|openai/gpt-oss-120b|3,19_ReLU,openai/gpt-oss-120b,3,23,1,0,generated
ptx|0shot|19_ReLU|openai/gpt-oss-120b|3,19_ReLU,openai/gpt-oss-120b,3,24,1,0,generated
ptx|0shot|19_ReLU|openai/gpt-oss-120b|3,19_ReLU,openai/gpt-oss-120b,3,25,1,0,generated
ptx|0shot|19_ReLU|openai/gpt-oss-120b|3,19_ReLU,openai/gpt-oss-120b,3,26,1,0,generated
ptx|0shot|19_ReLU|openai/gpt-oss-120b|3,19_ReLU,openai/gpt-oss-120b,3,27,1,0,generated
ptx|0shot|19_ReLU|openai/gpt-oss-120b|3,19_ReLU,openai/gpt-oss-120b,3,28,1,0,generated
ptx|0shot|19_ReLU|openai/gpt-oss-120b|3,19_ReLU,openai/gpt-oss-120b,3,29,1,0,generated
ptx|0shot|19_ReLU|openai/gpt-oss-120b|3,19_ReLU,openai/gpt-oss-120b,3,30,1,0,generated
ptx|0shot|19_ReLU|openai/gpt-oss-120b|3,19_ReLU,openai/gpt-oss-120b,3,31,1,0,generated
ptx|0shot|19_ReLU|openai/gpt-oss-120b|3,19_ReLU,openai/gpt-oss-120b,3,32,1,0,generated
ptx|0shot|19_ReLU|openai/gpt-oss-120b|3,19_ReLU,openai/gpt-oss-120b,3,33,1,0,generated
ptx|0shot|19_ReLU|openai/gpt-oss-120b|3,19_ReLU,openai/gpt-oss-120b,3,34,1,0,generated
ptx|0shot|19_ReLU|openai/gpt-oss-120b|3,19_ReLU,openai/gpt-oss-120b,3,35,1,0,generated
ptx|0shot|19_ReLU|openai/gpt-oss-120b|3,19_ReLU,openai/gpt-oss-120b,3,36,1,0,generated
ptx|0shot|19_ReLU|openai/gpt-oss-120b|3,19_ReLU,openai/gpt-oss-120b,3,37,1,0,generated
ptx|0shot|19_ReLU|openai/gpt-oss-120b|3,19_ReLU,openai/gpt-oss-120b,3,38,1,0,generated
ptx|0shot|19_ReLU|openai/gpt-oss-120b|3,19_ReLU,openai/gpt-oss-120b,3,39,1,0,generated
ptx|0shot|19_ReLU|openai/gpt-oss-120b|3,19_ReLU,openai/gpt-oss-120b,3,40,1,0,generated
ptx|0shot|19_ReLU|openai/gpt-oss-120b|3,19_ReLU,openai/gpt-oss-120b,3,41,1,0,generated
ptx|0shot|19_ReLU|openai/gpt-oss-120b|3,19_ReLU,openai/gpt-oss-120b,3,42,1,0,generated
ptx|0shot|19_ReLU|openai/gpt-oss-120b|3,19_ReLU,openai/gpt-oss-120b,3,43,1,0,generated
ptx|0shot|19_ReLU|openai/gpt-oss-120b|3,19_ReLU,openai/gpt-oss-120b,3,44,1,0,generated
ptx|0shot|19_ReLU|openai/gpt-oss-120b|3,19_ReLU,openai/gpt-oss-120b,3,45,1,0,generated
ptx|0shot|19_ReLU|openai/gpt-oss-120b|3,19_ReLU,openai/gpt-oss-120b,3,46,1,0,generated
ptx|0shot|19_ReLU|openai/gpt-oss-120b|3,19_ReLU,openai/gpt-oss-120b,3,47,1,0,generated
ptx|0shot|19_ReLU|openai/gpt-oss-120b|3,19_ReLU,openai/gpt-oss-120b,3,48,1,0,generated
ptx|0shot|19_ReLU|openai/gpt-oss-120b|3,19_ReLU,openai/gpt-oss-120b,3,49,1,0,generated
ptx|0shot|19_ReLU|openai/gpt-oss-120b|3,19_ReLU,openai/gpt-oss-120b,3,50,1,0,generated
ptx|0shot|19_ReLU|openai/gpt-oss-120b|3,19_ReLU,openai/gpt-oss-120b,3,51,1,0,generated
ptx|0shot|19_ReLU|openai/gpt-oss-120b|3,19_ReLU,openai/gpt-oss-120b,3,52,1,0,generated
ptx|0shot|19_ReLU|openai/gpt-oss-120b|3,19_ReLU,openai/gpt-oss-120b,3,53,1,0,generated
ptx|0shot|19_ReLU|openai/gpt-oss-120b|3,19_ReLU,openai/gpt-oss-120b,3,54,1,0,generated
ptx|0shot|19_ReLU|openai/gpt-oss-120b|3,19_ReLU,openai/gpt-oss-120b,3,55,1,0,generated
ptx|0shot|19_ReLU|openai/gpt-oss-120b|3,19_ReLU,openai/gpt-oss-120b,3,56,1,0,generated
ptx|0shot|19_ReLU|openai/gpt-oss-120b|3,19_ReLU,openai/gpt-oss-120b,3,57,1,0,generated
ptx|0shot|19_ReLU|openai/gpt-oss-120b|3,19_ReLU,openai/gpt-oss-120b,3,58,1,0,generated
ptx|0shot|19_ReLU|openai/gpt-oss-120b|3,19_ReLU,openai/gpt-oss-120b,3,59,1,0,generated
ptx|0shot|19_ReLU|openai/gpt-oss-120b|3,19_ReLU,openai/gpt-oss-120b,3,60,1,0,generated
ptx|0shot|19_ReLU|openai/gpt-oss-120b|3,19_ReLU,openai/gpt-oss-120b,3,61,1,0,generated
ptx|0shot|19_ReLU|openai/gpt-oss-120b|3,19_ReLU,openai/gpt-oss-120b,3,62,1,0,generated
ptx|0shot|19_ReLU|openai/gpt-oss-120b|3,19_ReLU,openai/gpt-oss-120b,3,63,1,0,generated
ptx|0shot|19_ReLU|openai/gpt-oss-120b|3,19_ReLU,openai/gpt-oss-120b,3,64,1,0,generated
ptx|0shot|19_ReLU|openai/gpt-oss-120b|3,19_ReLU,openai/gpt-oss-120b,3,65,1,0,generated
ptx|0shot|19_ReLU|openai/gpt-oss-120b|3,19_ReLU,openai/gpt-oss-120b,3,66,1,0,generated
ptx|0shot|19_ReLU|openai/gpt-oss-120b|3,19_ReLU,openai/gpt-oss-120b,3,67,1,0,generated
ptx|0shot|19_ReLU|openai/gpt-oss-120b|3,19_ReLU,openai/gpt-oss-120b,3,68,1,0,generated
ptx|0shot|19_ReLU|openai/gpt-oss-120b|3,19_ReLU,openai/gpt-oss-120b,3,69,1,0,generated
ptx|0shot|19_ReLU|openai/gpt-oss-120b|3,19_ReLU,openai/gpt-oss-120b,3,70,1,0,generated
ptx|0shot|19_ReLU|openai/gpt-oss-120b|3,19_ReLU,openai/gpt-oss-120b,3,71,1,0,generated
ptx|0shot|19_ReLU|openai/gpt-oss-120b|3,19_ReLU,openai/gpt-oss-120b,3,72,1,0,generated
ptx|0shot|19_ReLU|openai/gpt-oss-120b|3,19_ReLU,openai/gpt-oss-120b,3,73,1,0,generated
ptx|0shot|19_ReLU|openai/gpt-oss-120b|3,19_ReLU,openai/gpt-oss-120b,3,74,1,0,generated
ptx|0shot|19_ReLU|openai/gpt-oss-120b|3,19_ReLU,openai/gpt-oss-120b,3,75,1,0,generated
ptx|0shot|19_ReLU|openai/gpt-oss-120b|3,19_ReLU,openai/gpt-oss-120b,3,76,1,0,generated
ptx|0shot|19_ReLU|openai/gpt-oss-120b|3,19_ReLU,openai/gpt-oss-120b,3,77,1,0,generated
ptx|0shot|19_ReLU|openai/gpt-oss-120b|3,19_ReLU,openai/gpt-oss-120b,3,78,1,0,generated
ptx|0shot|19_ReLU|openai/gpt-oss-120b|3,19_ReLU,openai/gpt-oss-120b,3,79,1,0,generated
ptx|0shot|19_ReLU|openai/gpt-oss-120b|3,19_ReLU,openai/gpt-oss-120b,3,80,1,0,generated
ptx|0shot|19_ReLU|openai/gpt-oss-120b|3,19_ReLU,openai/gpt-oss-120b,3,81,1,0,generated
ptx|0shot|19_ReLU|openai/gpt-oss-120b|3,19_ReLU,openai/gpt-oss-120b,3,82,1,0,generated
ptx|0shot|19_ReLU|openai/gpt-oss-120b|3,19_ReLU,openai/gpt-oss-120b,3,83,1,0,generated
ptx|0shot|19_ReLU|openai/gpt-oss-120b|3,19_ReLU,openai/gpt-oss-120b,3,84,1,0,generated
ptx|0shot|19_ReLU|openai/gpt-oss-120b|3,19_ReLU,openai/gpt-oss-120b,3,85,1,0,generated
ptx|0shot|19_ReLU|openai/gpt-oss-120b|3,19_ReLU,openai/gpt-oss-120b,3,86,1,0,generated
ptx|0shot|19_ReLU|openai/gpt-oss-120b|3,19_ReLU,openai/gpt-oss-120b,3,87,1,0,generated
ptx|0shot|19_ReLU|openai/gpt-oss-120b|3,19_ReLU,openai/gpt-oss-120b,3,88,1,0,generated
ptx|0shot|19_ReLU|openai/gpt-oss-120b|3,19_ReLU,openai/gpt-oss-120b,3,89,1,0,generated
ptx|0shot|19_ReLU|openai/gpt-oss-120b|3,19_ReLU,openai/gpt-oss-120b,3,90,1,0,generated
ptx|0shot|19_ReLU|openai/gpt-oss-120b|3,19_ReLU,openai/gpt-oss-120b,3,91,1,0,generated
ptx|0shot|19_ReLU|openai/gpt-oss-120b|3,19_ReLU,openai/gpt-oss-120b,3,92,1,0,generated
ptx|0shot|19_ReLU|openai/gpt-oss-120b|3,19_ReLU,openai/gpt-oss-120b,3,93,1,0,generated
ptx|0shot|19_ReLU|openai/gpt-oss-120b|3,19_ReLU,openai/gpt-oss-120b,3,94,1,0,generated
ptx|0shot|19_ReLU|openai/gpt-oss-120b|3,19_ReLU,openai/gpt-oss-120b,3,95,1,0,generated
ptx|0shot|19_ReLU|openai/gpt-oss-120b|3,19_ReLU,openai/gpt-oss-120b,3,96,1,0,generated
ptx|0shot|19_ReLU|openai/gpt-oss-120b|3,19_ReLU,openai/gpt-oss-120b,3,97,1,0,generated
ptx|0shot|19_ReLU|openai/gpt-oss-120b|3,19_ReLU,openai/gpt-oss-120b,3,98,1,0,generated
ptx|0shot|19_ReLU|openai/gpt-oss-120b|3,19_ReLU,openai/gpt-oss-120b,3,99,1,0,generated
ptx|0shot|19_ReLU|openai/gpt-oss-120b|3,19_ReLU,openai/gpt-oss-120b,3,100,1,0,generated
ptx|0shot|19_ReLU|openai/gpt-oss-120b|4,19_ReLU,openai/gpt-oss-120b,4,1,1,0,generated
ptx|0shot|19_ReLU|openai/gpt-oss-120b|4,19_ReLU,openai/gpt-oss-120b,4,2,1,0,generated
ptx|0shot|19_ReLU|openai/gpt-oss-120b|4,19_ReLU,openai/gpt-oss-120b,4,3,1,0,generated
ptx|0shot|19_ReLU|openai/gpt-oss-120b|4,19_ReLU,openai/gpt-oss-120b,4,4,1,0,generated
ptx|0shot|19_ReLU|openai/gpt-oss-120b|4,19_ReLU,openai/gpt-oss-120b,4,5,1,0,generated
ptx|0shot|19_ReLU|openai/gpt-oss-120b|4,19_ReLU,openai/gpt-oss-120b,4,6,1,0,generated
ptx|0shot|19_ReLU|openai/gpt-oss-120b|4,19_ReLU,openai/gpt-oss-120b,4,7,1,0,generated
ptx|0shot|19_ReLU|openai/gpt-oss-120b|4,19_ReLU,openai/gpt-oss-120b,4,8,1,0,generated
ptx|0shot|19_ReLU|openai/gpt-oss-120b|4,19_ReLU,openai/gpt-oss-120b,4,9,1,0,generated
ptx|0shot|19_ReLU|openai/gpt-oss-120b|4,19_ReLU,openai/gpt-oss-120b,4,10,1,0,generated
ptx|0shot|19_ReLU|openai/gpt-oss-120b|4,19_ReLU,openai/gpt-oss-120b,4,11,1,0,generated
ptx|0shot|19_ReLU|openai/gpt-oss-120b|4,19_ReLU,openai/gpt-oss-120b,4,12,1,0,generated
ptx|0shot|19_ReLU|openai/gpt-oss-120b|4,19_ReLU,openai/gpt-oss-120b,4,13,1,0,generated
ptx|0shot|19_ReLU|openai/gpt-oss-120b|4,19_ReLU,openai/gpt-oss-120b,4,14,1,0,generated
ptx|0shot|19_ReLU|openai/gpt-oss-120b|4,19_ReLU,openai/gpt-oss-120b,4,15,1,0,generated
ptx|0shot|19_ReLU|openai/gpt-oss-120b|4,19_ReLU,openai/gpt-oss-120b,4,16,1,0,generated
ptx|0shot|19_ReLU|openai/gpt-oss-120b|4,19_ReLU,openai/gpt-oss-120b,4,17,1,0,generated
ptx|0shot|19_ReLU|openai/gpt-oss-120b|4,19_ReLU,openai/gpt-oss-120b,4,18,1,0,generated
ptx|0shot|19_ReLU|openai/gpt-oss-120b|4,19_ReLU,openai/gpt-oss-120b,4,19,1,0,generated
ptx|0shot|19_ReLU|openai/gpt-oss-120b|4,19_ReLU,openai/gpt-oss-120b,4,20,1,0,generated
ptx|0shot|19_ReLU|openai/gpt-oss-120b|4,19_ReLU,openai/gpt-oss-120b,4,21,1,0,generated
ptx|0shot|19_ReLU|openai/gpt-oss-120b|4,19_ReLU,openai/gpt-oss-120b,4,22,1,0,generated
ptx|0shot|19_ReLU|openai/gpt-oss-120b|4,19_ReLU,openai/gpt-oss-120b,4,23,1,0,generated
ptx|0shot|19_ReLU|openai/gpt-oss-120b|4,19_ReLU,openai/gpt-oss-120b,4,24,1,0,generated
ptx|0shot|19_ReLU|openai/gpt-oss-120b|4,19_ReLU,openai/gpt-oss-120b,4,25,1,0,generated
ptx|0shot|19_ReLU|openai/gpt-oss-120b|4,19_ReLU,openai/gpt-oss-120b,4,26,1,0,generated
ptx|0shot|19_ReLU|openai/gpt-oss-120b|4,19_ReLU,openai/gpt-oss-120b,4,27,1,0,generated
ptx|0shot|19_ReLU|openai/gpt-oss-120b|4,19_ReLU,openai/gpt-oss-120b,4,28,1,0,generated
ptx|0shot|19_ReLU|openai/gpt-oss-120b|4,19_ReLU,openai/gpt-oss-120b,4,29,1,0,generated
ptx|0shot|19_ReLU|openai/gpt-oss-120b|4,19_ReLU,openai/gpt-oss-120b,4,30,1,0,generated
ptx|0shot|19_ReLU|openai/gpt-oss-120b|4,19_ReLU,openai/gpt-oss-120b,4,31,1,0,generated
ptx|0shot|19_ReLU|openai/gpt-oss-120b|4,19_ReLU,openai/gpt-oss-120b,4,32,1,0,generated
ptx|0shot|19_ReLU|openai/gpt-oss-120b|4,19_ReLU,openai/gpt-oss-120b,4,33,1,0,generated
ptx|0shot|19_ReLU|openai/gpt-oss-120b|4,19_ReLU,openai/gpt-oss-120b,4,34,1,0,generated
ptx|0shot|19_ReLU|openai/gpt-oss-120b|4,19_ReLU,openai/gpt-oss-120b,4,35,1,0,generated
ptx|0shot|19_ReLU|openai/gpt-oss-120b|4,19_ReLU,openai/gpt-oss-120b,4,36,1,0,generated
ptx|0shot|19_ReLU|openai/gpt-oss-120b|4,19_ReLU,openai/gpt-oss-120b,4,37,1,0,generated
ptx|0shot|19_ReLU|openai/gpt-oss-120b|4,19_ReLU,openai/gpt-oss-120b,4,38,1,0,generated
ptx|0shot|19_ReLU|openai/gpt-oss-120b|4,19_ReLU,openai/gpt-oss-120b,4,39,1,0,generated
ptx|0shot|19_ReLU|openai/gpt-oss-120b|4,19_ReLU,openai/gpt-oss-120b,4,40,1,0,generated
ptx|0shot|19_ReLU|openai/gpt-oss-120b|4,19_ReLU,openai/gpt-oss-120b,4,41,1,0,generated
ptx|0shot|19_ReLU|openai/gpt-oss-120b|4,19_ReLU,openai/gpt-oss-120b,4,42,1,0,generated
ptx|0shot|19_ReLU|openai/gpt-oss-120b|4,19_ReLU,openai/gpt-oss-120b,4,43,1,0,generated
ptx|0shot|19_ReLU|openai/gpt-oss-120b|4,19_ReLU,openai/gpt-oss-120b,4,44,1,0,generated
ptx|0shot|19_ReLU|openai/gpt-oss-120b|4,19_ReLU,openai/gpt-oss-120b,4,45,1,0,generated
ptx|0shot|19_ReLU|openai/gpt-oss-120b|4,19_ReLU,openai/gpt-oss-120b,4,46,1,0,generated
ptx|0shot|19_ReLU|openai/gpt-oss-120b|4,19_ReLU,openai/gpt-oss-120b,4,47,1,0,generated
ptx|0shot|19_ReLU|openai/gpt-oss-120b|4,19_ReLU,openai/gpt-oss-120b,4,48,1,0,generated
ptx|0shot|19_ReLU|openai/gpt-oss-120b|4,19_ReLU,openai/gpt-oss-120b,4,49,1,0,generated
ptx|0shot|19_ReLU|openai/gpt-oss-120b|4,19_ReLU,openai/gpt-oss-120b,4,50,1,0,generated
ptx|0shot|19_ReLU|openai/gpt-oss-120b|4,19_ReLU,openai/gpt-oss-120b,4,51,1,0,generated
ptx|0shot|19_ReLU|openai/gpt-oss-120b|4,19_ReLU,openai/gpt-oss-120b,4,52,1,0,generated
ptx|0shot|19_ReLU|openai/gpt-oss-120b|4,19_ReLU,openai/gpt-oss-120b,4,53,1,0,generated
ptx|0shot|19_ReLU|openai/gpt-oss-120b|4,19_ReLU,openai/gpt-oss-120b,4,54,1,0,generated
ptx|0shot|19_ReLU|openai/gpt-oss-120b|4,19_ReLU,openai/gpt-oss-120b,4,55,1,0,generated
ptx|0shot|19_ReLU|openai/gpt-oss-120b|4,19_ReLU,openai/gpt-oss-120b,4,56,1,0,generated
ptx|0shot|19_ReLU|openai/gpt-oss-120b|4,19_ReLU,openai/gpt-oss-120b,4,57,1,0,generated
ptx|0shot|19_ReLU|openai/gpt-oss-120b|4,19_ReLU,openai/gpt-oss-120b,4,58,1,0,generated
ptx|0shot|19_ReLU|openai/gpt-oss-120b|4,19_ReLU,openai/gpt-oss-120b,4,59,1,0,generated
ptx|0shot|19_ReLU|openai/gpt-oss-120b|4,19_ReLU,openai/gpt-oss-120b,4,60,1,0,generated
ptx|0shot|19_ReLU|openai/gpt-oss-120b|4,19_ReLU,openai/gpt-oss-120b,4,61,1,0,generated
ptx|0shot|19_ReLU|openai/gpt-oss-120b|4,19_ReLU,openai/gpt-oss-120b,4,62,1,0,generated
ptx|0shot|19_ReLU|openai/gpt-oss-120b|4,19_ReLU,openai/gpt-oss-120b,4,63,1,0,generated
ptx|0shot|19_ReLU|openai/gpt-oss-120b|4,19_ReLU,openai/gpt-oss-120b,4,64,1,0,generated
ptx|0shot|19_ReLU|openai/gpt-oss-120b|4,19_ReLU,openai/gpt-oss-120b,4,65,1,0,generated
ptx|0shot|19_ReLU|openai/gpt-oss-120b|4,19_ReLU,openai/gpt-oss-120b,4,66,1,0,generated
ptx|0shot|19_ReLU|openai/gpt-oss-120b|4,19_ReLU,openai/gpt-oss-120b,4,67,1,0,generated
ptx|0shot|19_ReLU|openai/gpt-oss-120b|4,19_ReLU,openai/gpt-oss-120b,4,68,1,0,generated
ptx|0shot|19_ReLU|openai/gpt-oss-120b|4,19_ReLU,openai/gpt-oss-120b,4,69,1,0,generated
ptx|0shot|19_ReLU|openai/gpt-oss-120b|4,19_ReLU,openai/gpt-oss-120b,4,70,1,0,generated
ptx|0shot|19_ReLU|openai/gpt-oss-120b|4,19_ReLU,openai/gpt-oss-120b,4,71,1,0,generated
ptx|0shot|19_ReLU|openai/gpt-oss-120b|4,19_ReLU,openai/gpt-oss-120b,4,72,1,0,generated
ptx|0shot|19_ReLU|openai/gpt-oss-120b|4,19_ReLU,openai/gpt-oss-120b,4,73,1,0,generated
ptx|0shot|19_ReLU|openai/gpt-oss-120b|4,19_ReLU,openai/gpt-oss-120b,4,74,1,0,generated
ptx|0shot|19_ReLU|openai/gpt-oss-120b|4,19_ReLU,openai/gpt-oss-120b,4,75,1,0,generated
ptx|0shot|19_ReLU|openai/gpt-oss-120b|4,19_ReLU,openai/gpt-oss-120b,4,76,1,0,generated
ptx|0shot|19_ReLU|openai/gpt-oss-120b|4,19_ReLU,openai/gpt-oss-120b,4,77,1,0,generated
ptx|0shot|19_ReLU|openai/gpt-oss-120b|4,19_ReLU,openai/gpt-oss-120b,4,78,1,0,generated
ptx|0shot|19_ReLU|openai/gpt-oss-120b|4,19_ReLU,openai/gpt-oss-120b,4,79,1,0,generated
ptx|0shot|19_ReLU|openai/gpt-oss-120b|4,19_ReLU,openai/gpt-oss-120b,4,80,1,0,generated
ptx|0shot|19_ReLU|openai/gpt-oss-120b|4,19_ReLU,openai/gpt-oss-120b,4,81,1,0,generated
ptx|0shot|19_ReLU|openai/gpt-oss-120b|4,19_ReLU,openai/gpt-oss-120b,4,82,1,0,generated
ptx|0shot|19_ReLU|openai/gpt-oss-120b|4,19_ReLU,openai/gpt-oss-120b,4,83,1,0,generated
ptx|0shot|19_ReLU|openai/gpt-oss-120b|4,19_ReLU,openai/gpt-oss-120b,4,84,1,0,generated
ptx|0shot|19_ReLU|openai/gpt-oss-120b|4,19_ReLU,openai/gpt-oss-120b,4,85,1,0,generated
ptx|0shot|19_ReLU|openai/gpt-oss-120b|4,19_ReLU,openai/gpt-oss-120b,4,86,1,0,generated
ptx|0shot|19_ReLU|openai/gpt-oss-120b|4,19_ReLU,openai/gpt-oss-120b,4,87,1,0,generated
ptx|0shot|19_ReLU|openai/gpt-oss-120b|4,19_ReLU,openai/gpt-oss-120b,4,88,1,0,generated
ptx|0shot|19_ReLU|openai/gpt-oss-120b|4,19_ReLU,openai/gpt-oss-120b,4,89,1,0,generated
ptx|0shot|19_ReLU|openai/gpt-oss-120b|4,19_ReLU,openai/gpt-oss-120b,4,90,1,0,generated
ptx|0shot|19_ReLU|openai/gpt-oss-120b|4,19_ReLU,openai/gpt-oss-120b,4,91,1,0,generated
ptx|0shot|19_ReLU|openai/gpt-oss-120b|4,19_ReLU,openai/gpt-oss-120b,4,92,1,0,generated
ptx|0shot|19_ReLU|openai/gpt-oss-120b|4,19_ReLU,openai/gpt-oss-120b,4,93,1,0,generated
ptx|0shot|19_ReLU|openai/gpt-oss-120b|4,19_ReLU,openai/gpt-oss-120b,4,94,1,0,generated
ptx|0shot|19_ReLU|openai/gpt-oss-120b|4,19_ReLU,openai/gpt-oss-120b,4,95,1,0,generated
ptx|0shot|19_ReLU|openai/gpt-oss-120b|4,19_ReLU,openai/gpt-oss-120b,4,96,1,0,generated
ptx|0shot|19_ReLU|openai/gpt-oss-120b|4,19_ReLU,openai/gpt-oss-120b,4,97,1,0,generated
ptx|0shot|19_ReLU|openai/gpt-oss-120b|4,19_ReLU,openai/gpt-oss-120b,4,98,1,0,generated
ptx|0shot|19_ReLU|openai/gpt-oss-120b|4,19_ReLU,openai/gpt-oss-120b,4,99,1,0,generated
ptx|0shot|19_ReLU|openai/gpt-oss-120b|4,19_ReLU,openai/gpt-oss-120b,4,100,1,0,generated
ptx|0shot|1_Square_matrix_multiplication_|Qwen/Qwen3-Coder-30B-A3B-Instruct|0,1_Square_matrix_multiplication_,Qwen/Qwen3-Coder-30B-A3B-Instruct,0,1,1,0,generated
ptx|0shot|1_Square_matrix_multiplication_|Qwen/Qwen3-Coder-30B-A3B-Instruct|0,1_Square_matrix_multiplication_,Qwen/Qwen3-Coder-30B-A3B-Instruct,0,2,1,0,generated
ptx|0shot|1_Square_matrix_multiplication_|Qwen/Qwen3-Coder-30B-A3B-Instruct|0,1_Square_matrix_multiplication_,Qwen/Qwen3-Coder-30B-A3B-Instruct,0,3,1,0,generated
ptx|0shot|1_Square_matrix_multiplication_|Qwen/Qwen3-Coder-30B-A3B-Instruct|0,1_Square_matrix_multiplication_,Qwen/Qwen3-Coder-30B-A3B-Instruct,0,4,1,0,generated
ptx|0shot|1_Square_matrix_multiplication_|Qwen/Qwen3-Coder-30B-A3B-Instruct|0,1_Square_matrix_multiplication_,Qwen/Qwen3-Coder-30B-A3B-Instruct,0,5,1,0,generated
ptx|0shot|1_Square_matrix_multiplication_|Qwen/Qwen3-Coder-30B-A3B-Instruct|0,1_Square_matrix_multiplication_,Qwen/Qwen3-Coder-30B-A3B-Instruct,0,6,1,0,generated
ptx|0shot|1_Square_matrix_multiplication_|Qwen/Qwen3-Coder-30B-A3B-Instruct|0,1_Square_matrix_multiplication_,Qwen/Qwen3-Coder-30B-A3B-Instruct,0,7,1,0,generated
ptx|0shot|1_Square_matrix_multiplication_|Qwen/Qwen3-Coder-30B-A3B-Instruct|0,1_Square_matrix_multiplication_,Qwen/Qwen3-Coder-30B-A3B-Instruct,0,8,1,0,generated
ptx|0shot|1_Square_matrix_multiplication_|Qwen/Qwen3-Coder-30B-A3B-Instruct|0,1_Square_matrix_multiplication_,Qwen/Qwen3-Coder-30B-A3B-Instruct,0,9,1,0,generated
ptx|0shot|1_Square_matrix_multiplication_|Qwen/Qwen3-Coder-30B-A3B-Instruct|0,1_Square_matrix_multiplication_,Qwen/Qwen3-Coder-30B-A3B-Instruct,0,10,1,0,generated
ptx|0shot|1_Square_matrix_multiplication_|Qwen/Qwen3-Coder-30B-A3B-Instruct|0,1_Square_matrix_multiplication_,Qwen/Qwen3-Coder-30B-A3B-Instruct,0,11,1,0,generated
ptx|0shot|1_Square_matrix_multiplication_|Qwen/Qwen3-Coder-30B-A3B-Instruct|0,1_Square_matrix_multiplication_,Qwen/Qwen3-Coder-30B-A3B-Instruct,0,12,1,0,generated
ptx|0shot|1_Square_matrix_multiplication_|Qwen/Qwen3-Coder-30B-A3B-Instruct|0,1_Square_matrix_multiplication_,Qwen/Qwen3-Coder-30B-A3B-Instruct,0,13,1,0,generated
ptx|0shot|1_Square_matrix_multiplication_|Qwen/Qwen3-Coder-30B-A3B-Instruct|0,1_Square_matrix_multiplication_,Qwen/Qwen3-Coder-30B-A3B-Instruct,0,14,1,0,generated
ptx|0shot|1_Square_matrix_multiplication_|Qwen/Qwen3-Coder-30B-A3B-Instruct|0,1_Square_matrix_multiplication_,Qwen/Qwen3-Coder-30B-A3B-Instruct,0,15,1,0,generated
ptx|0shot|1_Square_matrix_multiplication_|Qwen/Qwen3-Coder-30B-A3B-Instruct|0,1_Square_matrix_multiplication_,Qwen/Qwen3-Coder-30B-A3B-Instruct,0,16,1,0,generated
ptx|0shot|1_Square_matrix_multiplication_|Qwen/Qwen3-Coder-30B-A3B-Instruct|0,1_Square_matrix_multiplication_,Qwen/Qwen3-Coder-30B-A3B-Instruct,0,17,1,0,generated
ptx|0shot|1_Square_matrix_multiplication_|Qwen/Qwen3-Coder-30B-A3B-Instruct|0,1_Square_matrix_multiplication_,Qwen/Qwen3-Coder-30B-A3B-Instruct,0,18,1,0,generated
ptx|0shot|1_Square_matrix_multiplication_|Qwen/Qwen3-Coder-30B-A3B-Instruct|0,1_Square_matrix_multiplication_,Qwen/Qwen3-Coder-30B-A3B-Instruct,0,19,1,0,generated
ptx|0shot|1_Square_matrix_multiplication_|Qwen/Qwen3-Coder-30B-A3B-Instruct|0,1_Square_matrix_multiplication_,Qwen/Qwen3-Coder-30B-A3B-Instruct,0,20,1,0,generated
ptx|0shot|1_Square_matrix_multiplication_|Qwen/Qwen3-Coder-30B-A3B-Instruct|0,1_Square_matrix_multiplication_,Qwen/Qwen3-Coder-30B-A3B-Instruct,0,21,1,0,generated
ptx|0shot|1_Square_matrix_multiplication_|Qwen/Qwen3-Coder-30B-A3B-Instruct|0,1_Square_matrix_multiplication_,Qwen/Qwen3-Coder-30B-A3B-Instruct,0,22,1,0,generated
ptx|0shot|1_Square_matrix_multiplication_|Qwen/Qwen3-Coder-30B-A3B-Instruct|0,1_Square_matrix_multiplication_,Qwen/Qwen3-Coder-30B-A3B-Instruct,0,23,1,0,generated
ptx|0shot|1_Square_matrix_multiplication_|Qwen/Qwen3-Coder-30B-A3B-Instruct|0,1_Square_matrix_multiplication_,Qwen/Qwen3-Coder-30B-A3B-Instruct,0,24,1,0,generated
ptx|0shot|1_Square_matrix_multiplication_|Qwen/Qwen3-Coder-30B-A3B-Instruct|0,1_Square_matrix_multiplication_,Qwen/Qwen3-Coder-30B-A3B-Instruct,0,25,1,0,generated
ptx|0shot|1_Square_matrix_multiplication_|Qwen/Qwen3-Coder-30B-A3B-Instruct|0,1_Square_matrix_multiplication_,Qwen/Qwen3-Coder-30B-A3B-Instruct,0,26,1,0,generated
ptx|0shot|1_Square_matrix_multiplication_|Qwen/Qwen3-Coder-30B-A3B-Instruct|0,1_Square_matrix_multiplication_,Qwen/Qwen3-Coder-30B-A3B-Instruct,0,27,1,0,generated
ptx|0shot|1_Square_matrix_multiplication_|Qwen/Qwen3-Coder-30B-A3B-Instruct|0,1_Square_matrix_multiplication_,Qwen/Qwen3-Coder-30B-A3B-Instruct,0,28,1,0,generated
ptx|0shot|1_Square_matrix_multiplication_|Qwen/Qwen3-Coder-30B-A3B-Instruct|0,1_Square_matrix_multiplication_,Qwen/Qwen3-Coder-30B-A3B-Instruct,0,29,1,0,generated
ptx|0shot|1_Square_matrix_multiplication_|Qwen/Qwen3-Coder-30B-A3B-Instruct|0,1_Square_matrix_multiplication_,Qwen/Qwen3-Coder-30B-A3B-Instruct,0,30,1,0,generated
ptx|0shot|1_Square_matrix_multiplication_|Qwen/Qwen3-Coder-30B-A3B-Instruct|0,1_Square_matrix_multiplication_,Qwen/Qwen3-Coder-30B-A3B-Instruct,0,31,1,0,generated
ptx|0shot|1_Square_matrix_multiplication_|Qwen/Qwen3-Coder-30B-A3B-Instruct|0,1_Square_matrix_multiplication_,Qwen/Qwen3-Coder-30B-A3B-Instruct,0,32,1,0,generated
ptx|0shot|1_Square_matrix_multiplication_|Qwen/Qwen3-Coder-30B-A3B-Instruct|0,1_Square_matrix_multiplication_,Qwen/Qwen3-Coder-30B-A3B-Instruct,0,33,1,0,generated
ptx|0shot|1_Square_matrix_multiplication_|Qwen/Qwen3-Coder-30B-A3B-Instruct|0,1_Square_matrix_multiplication_,Qwen/Qwen3-Coder-30B-A3B-Instruct,0,34,1,0,generated
ptx|0shot|1_Square_matrix_multiplication_|Qwen/Qwen3-Coder-30B-A3B-Instruct|0,1_Square_matrix_multiplication_,Qwen/Qwen3-Coder-30B-A3B-Instruct,0,35,1,0,generated
ptx|0shot|1_Square_matrix_multiplication_|Qwen/Qwen3-Coder-30B-A3B-Instruct|0,1_Square_matrix_multiplication_,Qwen/Qwen3-Coder-30B-A3B-Instruct,0,36,1,0,generated
ptx|0shot|1_Square_matrix_multiplication_|Qwen/Qwen3-Coder-30B-A3B-Instruct|0,1_Square_matrix_multiplication_,Qwen/Qwen3-Coder-30B-A3B-Instruct,0,37,1,0,generated
ptx|0shot|1_Square_matrix_multiplication_|Qwen/Qwen3-Coder-30B-A3B-Instruct|0,1_Square_matrix_multiplication_,Qwen/Qwen3-Coder-30B-A3B-Instruct,0,38,1,0,generated
ptx|0shot|1_Square_matrix_multiplication_|Qwen/Qwen3-Coder-30B-A3B-Instruct|0,1_Square_matrix_multiplication_,Qwen/Qwen3-Coder-30B-A3B-Instruct,0,39,1,0,generated
ptx|0shot|1_Square_matrix_multiplication_|Qwen/Qwen3-Coder-30B-A3B-Instruct|0,1_Square_matrix_multiplication_,Qwen/Qwen3-Coder-30B-A3B-Instruct,0,40,1,0,generated
ptx|0shot|1_Square_matrix_multiplication_|Qwen/Qwen3-Coder-30B-A3B-Instruct|0,1_Square_matrix_multiplication_,Qwen/Qwen3-Coder-30B-A3B-Instruct,0,41,1,0,generated
ptx|0shot|1_Square_matrix_multiplication_|Qwen/Qwen3-Coder-30B-A3B-Instruct|0,1_Square_matrix_multiplication_,Qwen/Qwen3-Coder-30B-A3B-Instruct,0,42,1,0,generated
ptx|0shot|1_Square_matrix_multiplication_|Qwen/Qwen3-Coder-30B-A3B-Instruct|0,1_Square_matrix_multiplication_,Qwen/Qwen3-Coder-30B-A3B-Instruct,0,43,1,0,generated
ptx|0shot|1_Square_matrix_multiplication_|Qwen/Qwen3-Coder-30B-A3B-Instruct|0,1_Square_matrix_multiplication_,Qwen/Qwen3-Coder-30B-A3B-Instruct,0,44,1,0,generated
ptx|0shot|1_Square_matrix_multiplication_|Qwen/Qwen3-Coder-30B-A3B-Instruct|0,1_Square_matrix_multiplication_,Qwen/Qwen3-Coder-30B-A3B-Instruct,0,45,1,0,generated
ptx|0shot|1_Square_matrix_multiplication_|Qwen/Qwen3-Coder-30B-A3B-Instruct|0,1_Square_matrix_multiplication_,Qwen/Qwen3-Coder-30B-A3B-Instruct,0,46,1,0,generated
ptx|0shot|1_Square_matrix_multiplication_|Qwen/Qwen3-Coder-30B-A3B-Instruct|0,1_Square_matrix_multiplication_,Qwen/Qwen3-Coder-30B-A3B-Instruct,0,47,1,0,generated
ptx|0shot|1_Square_matrix_multiplication_|Qwen/Qwen3-Coder-30B-A3B-Instruct|0,1_Square_matrix_multiplication_,Qwen/Qwen3-Coder-30B-A3B-Instruct,0,48,1,0,generated
ptx|0shot|1_Square_matrix_multiplication_|Qwen/Qwen3-Coder-30B-A3B-Instruct|0,1_Square_matrix_multiplication_,Qwen/Qwen3-Coder-30B-A3B-Instruct,0,49,1,0,generated
ptx|0shot|1_Square_matrix_multiplication_|Qwen/Qwen3-Coder-30B-A3B-Instruct|0,1_Square_matrix_multiplication_,Qwen/Qwen3-Coder-30B-A3B-Instruct,0,50,1,0,generated
ptx|0shot|1_Square_matrix_multiplication_|Qwen/Qwen3-Coder-30B-A3B-Instruct|0,1_Square_matrix_multiplication_,Qwen/Qwen3-Coder-30B-A3B-Instruct,0,51,1,0,generated
ptx|0shot|1_Square_matrix_multiplication_|Qwen/Qwen3-Coder-30B-A3B-Instruct|0,1_Square_matrix_multiplication_,Qwen/Qwen3-Coder-30B-A3B-Instruct,0,52,1,0,generated
ptx|0shot|1_Square_matrix_multiplication_|Qwen/Qwen3-Coder-30B-A3B-Instruct|0,1_Square_matrix_multiplication_,Qwen/Qwen3-Coder-30B-A3B-Instruct,0,53,1,0,generated
ptx|0shot|1_Square_matrix_multiplication_|Qwen/Qwen3-Coder-30B-A3B-Instruct|0,1_Square_matrix_multiplication_,Qwen/Qwen3-Coder-30B-A3B-Instruct,0,54,1,0,generated
ptx|0shot|1_Square_matrix_multiplication_|Qwen/Qwen3-Coder-30B-A3B-Instruct|0,1_Square_matrix_multiplication_,Qwen/Qwen3-Coder-30B-A3B-Instruct,0,55,1,0,generated
ptx|0shot|1_Square_matrix_multiplication_|Qwen/Qwen3-Coder-30B-A3B-Instruct|0,1_Square_matrix_multiplication_,Qwen/Qwen3-Coder-30B-A3B-Instruct,0,56,1,0,generated
ptx|0shot|1_Square_matrix_multiplication_|Qwen/Qwen3-Coder-30B-A3B-Instruct|0,1_Square_matrix_multiplication_,Qwen/Qwen3-Coder-30B-A3B-Instruct,0,57,1,0,generated
ptx|0shot|1_Square_matrix_multiplication_|Qwen/Qwen3-Coder-30B-A3B-Instruct|0,1_Square_matrix_multiplication_,Qwen/Qwen3-Coder-30B-A3B-Instruct,0,58,1,0,generated
ptx|0shot|1_Square_matrix_multiplication_|Qwen/Qwen3-Coder-30B-A3B-Instruct|0,1_Square_matrix_multiplication_,Qwen/Qwen3-Coder-30B-A3B-Instruct,0,59,1,0,generated
ptx|0shot|1_Square_matrix_multiplication_|Qwen/Qwen3-Coder-30B-A3B-Instruct|0,1_Square_matrix_multiplication_,Qwen/Qwen3-Coder-30B-A3B-Instruct,0,60,1,0,generated
ptx|0shot|1_Square_matrix_multiplication_|Qwen/Qwen3-Coder-30B-A3B-Instruct|0,1_Square_matrix_multiplication_,Qwen/Qwen3-Coder-30B-A3B-Instruct,0,61,1,0,generated
ptx|0shot|1_Square_matrix_multiplication_|Qwen/Qwen3-Coder-30B-A3B-Instruct|0,1_Square_matrix_multiplication_,Qwen/Qwen3-Coder-30B-A3B-Instruct,0,62,1,0,generated
ptx|0shot|1_Square_matrix_multiplication_|Qwen/Qwen3-Coder-30B-A3B-Instruct|0,1_Square_matrix_multiplication_,Qwen/Qwen3-Coder-30B-A3B-Instruct,0,63,1,0,generated
ptx|0shot|1_Square_matrix_multiplication_|Qwen/Qwen3-Coder-30B-A3B-Instruct|0,1_Square_matrix_multiplication_,Qwen/Qwen3-Coder-30B-A3B-Instruct,0,64,1,0,generated
ptx|0shot|1_Square_matrix_multiplication_|Qwen/Qwen3-Coder-30B-A3B-Instruct|0,1_Square_matrix_multiplication_,Qwen/Qwen3-Coder-30B-A3B-Instruct,0,65,1,0,generated
ptx|0shot|1_Square_matrix_multiplication_|Qwen/Qwen3-Coder-30B-A3B-Instruct|0,1_Square_matrix_multiplication_,Qwen/Qwen3-Coder-30B-A3B-Instruct,0,66,1,0,generated
ptx|0shot|1_Square_matrix_multiplication_|Qwen/Qwen3-Coder-30B-A3B-Instruct|0,1_Square_matrix_multiplication_,Qwen/Qwen3-Coder-30B-A3B-Instruct,0,67,1,0,generated
ptx|0shot|1_Square_matrix_multiplication_|Qwen/Qwen3-Coder-30B-A3B-Instruct|0,1_Square_matrix_multiplication_,Qwen/Qwen3-Coder-30B-A3B-Instruct,0,68,1,0,generated
ptx|0shot|1_Square_matrix_multiplication_|Qwen/Qwen3-Coder-30B-A3B-Instruct|0,1_Square_matrix_multiplication_,Qwen/Qwen3-Coder-30B-A3B-Instruct,0,69,1,0,generated
ptx|0shot|1_Square_matrix_multiplication_|Qwen/Qwen3-Coder-30B-A3B-Instruct|0,1_Square_matrix_multiplication_,Qwen/Qwen3-Coder-30B-A3B-Instruct,0,70,1,0,generated
ptx|0shot|1_Square_matrix_multiplication_|Qwen/Qwen3-Coder-30B-A3B-Instruct|0,1_Square_matrix_multiplication_,Qwen/Qwen3-Coder-30B-A3B-Instruct,0,71,1,0,generated
ptx|0shot|1_Square_matrix_multiplication_|Qwen/Qwen3-Coder-30B-A3B-Instruct|0,1_Square_matrix_multiplication_,Qwen/Qwen3-Coder-30B-A3B-Instruct,0,72,1,0,generated
ptx|0shot|1_Square_matrix_multiplication_|Qwen/Qwen3-Coder-30B-A3B-Instruct|0,1_Square_matrix_multiplication_,Qwen/Qwen3-Coder-30B-A3B-Instruct,0,73,1,0,generated
ptx|0shot|1_Square_matrix_multiplication_|Qwen/Qwen3-Coder-30B-A3B-Instruct|0,1_Square_matrix_multiplication_,Qwen/Qwen3-Coder-30B-A3B-Instruct,0,74,1,0,generated
ptx|0shot|1_Square_matrix_multiplication_|Qwen/Qwen3-Coder-30B-A3B-Instruct|0,1_Square_matrix_multiplication_,Qwen/Qwen3-Coder-30B-A3B-Instruct,0,75,1,0,generated
ptx|0shot|1_Square_matrix_multiplication_|Qwen/Qwen3-Coder-30B-A3B-Instruct|0,1_Square_matrix_multiplication_,Qwen/Qwen3-Coder-30B-A3B-Instruct,0,76,1,0,generated
ptx|0shot|1_Square_matrix_multiplication_|Qwen/Qwen3-Coder-30B-A3B-Instruct|0,1_Square_matrix_multiplication_,Qwen/Qwen3-Coder-30B-A3B-Instruct,0,77,1,0,generated
ptx|0shot|1_Square_matrix_multiplication_|Qwen/Qwen3-Coder-30B-A3B-Instruct|0,1_Square_matrix_multiplication_,Qwen/Qwen3-Coder-30B-A3B-Instruct,0,78,1,0,generated
ptx|0shot|1_Square_matrix_multiplication_|Qwen/Qwen3-Coder-30B-A3B-Instruct|0,1_Square_matrix_multiplication_,Qwen/Qwen3-Coder-30B-A3B-Instruct,0,79,1,0,generated
ptx|0shot|1_Square_matrix_multiplication_|Qwen/Qwen3-Coder-30B-A3B-Instruct|0,1_Square_matrix_multiplication_,Qwen/Qwen3-Coder-30B-A3B-Instruct,0,80,1,0,generated
ptx|0shot|1_Square_matrix_multiplication_|Qwen/Qwen3-Coder-30B-A3B-Instruct|0,1_Square_matrix_multiplication_,Qwen/Qwen3-Coder-30B-A3B-Instruct,0,81,1,0,generated
ptx|0shot|1_Square_matrix_multiplication_|Qwen/Qwen3-Coder-30B-A3B-Instruct|0,1_Square_matrix_multiplication_,Qwen/Qwen3-Coder-30B-A3B-Instruct,0,82,1,0,generated
ptx|0shot|1_Square_matrix_multiplication_|Qwen/Qwen3-Coder-30B-A3B-Instruct|0,1_Square_matrix_multiplication_,Qwen/Qwen3-Coder-30B-A3B-Instruct,0,83,1,0,generated
ptx|0shot|1_Square_matrix_multiplication_|Qwen/Qwen3-Coder-30B-A3B-Instruct|0,1_Square_matrix_multiplication_,Qwen/Qwen3-Coder-30B-A3B-Instruct,0,84,1,0,generated
ptx|0shot|1_Square_matrix_multiplication_|Qwen/Qwen3-Coder-30B-A3B-Instruct|0,1_Square_matrix_multiplication_,Qwen/Qwen3-Coder-30B-A3B-Instruct,0,85,1,0,generated
ptx|0shot|1_Square_matrix_multiplication_|Qwen/Qwen3-Coder-30B-A3B-Instruct|0,1_Square_matrix_multiplication_,Qwen/Qwen3-Coder-30B-A3B-Instruct,0,86,1,0,generated
ptx|0shot|1_Square_matrix_multiplication_|Qwen/Qwen3-Coder-30B-A3B-Instruct|0,1_Square_matrix_multiplication_,Qwen/Qwen3-Coder-30B-A3B-Instruct,0,87,1,0,generated
ptx|0shot|1_Square_matrix_multiplication_|Qwen/Qwen3-Coder-30B-A3B-Instruct|0,1_Square_matrix_multiplication_,Qwen/Qwen3-Coder-30B-A3B-Instruct,0,88,1,0,generated
ptx|0shot|1_Square_matrix_multiplication_|Qwen/Qwen3-Coder-30B-A3B-Instruct|0,1_Square_matrix_multiplication_,Qwen/Qwen3-Coder-30B-A3B-Instruct,0,89,1,0,generated
ptx|0shot|1_Square_matrix_multiplication_|Qwen/Qwen3-Coder-30B-A3B-Instruct|0,1_Square_matrix_multiplication_,Qwen/Qwen3-Coder-30B-A3B-Instruct,0,90,1,0,generated
ptx|0shot|1_Square_matrix_multiplication_|Qwen/Qwen3-Coder-30B-A3B-Instruct|0,1_Square_matrix_multiplication_,Qwen/Qwen3-Coder-30B-A3B-Instruct,0,91,1,0,generated
ptx|0shot|1_Square_matrix_multiplication_|Qwen/Qwen3-Coder-30B-A3B-Instruct|0,1_Square_matrix_multiplication_,Qwen/Qwen3-Coder-30B-A3B-Instruct,0,92,1,0,generated
ptx|0shot|1_Square_matrix_multiplication_|Qwen/Qwen3-Coder-30B-A3B-Instruct|0,1_Square_matrix_multiplication_,Qwen/Qwen3-Coder-30B-A3B-Instruct,0,93,1,0,generated
ptx|0shot|1_Square_matrix_multiplication_|Qwen/Qwen3-Coder-30B-A3B-Instruct|0,1_Square_matrix_multiplication_,Qwen/Qwen3-Coder-30B-A3B-Instruct,0,94,1,0,generated
ptx|0shot|1_Square_matrix_multiplication_|Qwen/Qwen3-Coder-30B-A3B-Instruct|0,1_Square_matrix_multiplication_,Qwen/Qwen3-Coder-30B-A3B-Instruct,0,95,1,0,generated
ptx|0shot|1_Square_matrix_multiplication_|Qwen/Qwen3-Coder-30B-A3B-Instruct|0,1_Square_matrix_multiplication_,Qwen/Qwen3-Coder-30B-A3B-Instruct,0,96,1,0,generated
ptx|0shot|1_Square_matrix_multiplication_|Qwen/Qwen3-Coder-30B-A3B-Instruct|0,1_Square_matrix_multiplication_,Qwen/Qwen3-Coder-30B-A3B-Instruct,0,97,1,0,generated
ptx|0shot|1_Square_matrix_multiplication_|Qwen/Qwen3-Coder-30B-A3B-Instruct|0,1_Square_matrix_multiplication_,Qwen/Qwen3-Coder-30B-A3B-Instruct,0,98,1,0,generated
ptx|0shot|1_Square_matrix_multiplication_|Qwen/Qwen3-Coder-30B-A3B-Instruct|0,1_Square_matrix_multiplication_,Qwen/Qwen3-Coder-30B-A3B-Instruct,0,99,1,0,generated
ptx|0shot|1_Square_matrix_multiplication_|Qwen/Qwen3-Coder-30B-A3B-Instruct|0,1_Square_matrix_multiplication_,Qwen/Qwen3-Coder-30B-A3B-Instruct,0,100,1,0,generated
ptx|0shot|1_Square_matrix_multiplication_|Qwen/Qwen3-Coder-30B-A3B-Instruct|1,1_Square_matrix_multiplication_,Qwen/Qwen3-Coder-30B-A3B-Instruct,1,1,1,0,generated
ptx|0shot|1_Square_matrix_multiplication_|Qwen/Qwen3-Coder-30B-A3B-Instruct|1,1_Square_matrix_multiplication_,Qwen/Qwen3-Coder-30B-A3B-Instruct,1,2,1,0,generated
ptx|0shot|1_Square_matrix_multiplication_|Qwen/Qwen3-Coder-30B-A3B-Instruct|1,1_Square_matrix_multiplication_,Qwen/Qwen3-Coder-30B-A3B-Instruct,1,3,1,0,generated
ptx|0shot|1_Square_matrix_multiplication_|Qwen/Qwen3-Coder-30B-A3B-Instruct|1,1_Square_matrix_multiplication_,Qwen/Qwen3-Coder-30B-A3B-Instruct,1,4,1,0,generated
ptx|0shot|1_Square_matrix_multiplication_|Qwen/Qwen3-Coder-30B-A3B-Instruct|1,1_Square_matrix_multiplication_,Qwen/Qwen3-Coder-30B-A3B-Instruct,1,5,1,0,generated
ptx|0shot|1_Square_matrix_multiplication_|Qwen/Qwen3-Coder-30B-A3B-Instruct|1,1_Square_matrix_multiplication_,Qwen/Qwen3-Coder-30B-A3B-Instruct,1,6,1,0,generated
ptx|0shot|1_Square_matrix_multiplication_|Qwen/Qwen3-Coder-30B-A3B-Instruct|1,1_Square_matrix_multiplication_,Qwen/Qwen3-Coder-30B-A3B-Instruct,1,7,1,0,generated
ptx|0shot|1_Square_matrix_multiplication_|Qwen/Qwen3-Coder-30B-A3B-Instruct|1,1_Square_matrix_multiplication_,Qwen/Qwen3-Coder-30B-A3B-Instruct,1,8,1,0,generated
ptx|0shot|1_Square_matrix_multiplication_|Qwen/Qwen3-Coder-30B-A3B-Instruct|1,1_Square_matrix_multiplication_,Qwen/Qwen3-Coder-30B-A3B-Instruct,1,9,1,0,generated
ptx|0shot|1_Square_matrix_multiplication_|Qwen/Qwen3-Coder-30B-A3B-Instruct|1,1_Square_matrix_multiplication_,Qwen/Qwen3-Coder-30B-A3B-Instruct,1,10,1,0,generated
ptx|0shot|1_Square_matrix_multiplication_|Qwen/Qwen3-Coder-30B-A3B-Instruct|1,1_Square_matrix_multiplication_,Qwen/Qwen3-Coder-30B-A3B-Instruct,1,11,1,0,generated
ptx|0shot|1_Square_matrix_multiplication_|Qwen/Qwen3-Coder-30B-A3B-Instruct|1,1_Square_matrix_multiplication_,Qwen/Qwen3-Coder-30B-A3B-Instruct,1,12,1,0,generated
ptx|0shot|1_Square_matrix_multiplication_|Qwen/Qwen3-Coder-30B-A3B-Instruct|1,1_Square_matrix_multiplication_,Qwen/Qwen3-Coder-30B-A3B-Instruct,1,13,1,0,generated
ptx|0shot|1_Square_matrix_multiplication_|Qwen/Qwen3-Coder-30B-A3B-Instruct|1,1_Square_matrix_multiplication_,Qwen/Qwen3-Coder-30B-A3B-Instruct,1,14,1,0,generated
ptx|0shot|1_Square_matrix_multiplication_|Qwen/Qwen3-Coder-30B-A3B-Instruct|1,1_Square_matrix_multiplication_,Qwen/Qwen3-Coder-30B-A3B-Instruct,1,15,1,0,generated
ptx|0shot|1_Square_matrix_multiplication_|Qwen/Qwen3-Coder-30B-A3B-Instruct|1,1_Square_matrix_multiplication_,Qwen/Qwen3-Coder-30B-A3B-Instruct,1,16,1,0,generated
ptx|0shot|1_Square_matrix_multiplication_|Qwen/Qwen3-Coder-30B-A3B-Instruct|1,1_Square_matrix_multiplication_,Qwen/Qwen3-Coder-30B-A3B-Instruct,1,17,1,0,generated
ptx|0shot|1_Square_matrix_multiplication_|Qwen/Qwen3-Coder-30B-A3B-Instruct|1,1_Square_matrix_multiplication_,Qwen/Qwen3-Coder-30B-A3B-Instruct,1,18,1,0,generated
ptx|0shot|1_Square_matrix_multiplication_|Qwen/Qwen3-Coder-30B-A3B-Instruct|1,1_Square_matrix_multiplication_,Qwen/Qwen3-Coder-30B-A3B-Instruct,1,19,1,0,generated
ptx|0shot|1_Square_matrix_multiplication_|Qwen/Qwen3-Coder-30B-A3B-Instruct|1,1_Square_matrix_multiplication_,Qwen/Qwen3-Coder-30B-A3B-Instruct,1,20,1,0,generated
ptx|0shot|1_Square_matrix_multiplication_|Qwen/Qwen3-Coder-30B-A3B-Instruct|1,1_Square_matrix_multiplication_,Qwen/Qwen3-Coder-30B-A3B-Instruct,1,21,1,0,generated
ptx|0shot|1_Square_matrix_multiplication_|Qwen/Qwen3-Coder-30B-A3B-Instruct|1,1_Square_matrix_multiplication_,Qwen/Qwen3-Coder-30B-A3B-Instruct,1,22,1,0,generated
ptx|0shot|1_Square_matrix_multiplication_|Qwen/Qwen3-Coder-30B-A3B-Instruct|1,1_Square_matrix_multiplication_,Qwen/Qwen3-Coder-30B-A3B-Instruct,1,23,1,0,generated
ptx|0shot|1_Square_matrix_multiplication_|Qwen/Qwen3-Coder-30B-A3B-Instruct|1,1_Square_matrix_multiplication_,Qwen/Qwen3-Coder-30B-A3B-Instruct,1,24,1,0,generated
ptx|0shot|1_Square_matrix_multiplication_|Qwen/Qwen3-Coder-30B-A3B-Instruct|1,1_Square_matrix_multiplication_,Qwen/Qwen3-Coder-30B-A3B-Instruct,1,25,1,0,generated
ptx|0shot|1_Square_matrix_multiplication_|Qwen/Qwen3-Coder-30B-A3B-Instruct|1,1_Square_matrix_multiplication_,Qwen/Qwen3-Coder-30B-A3B-Instruct,1,26,1,0,generated
ptx|0shot|1_Square_matrix_multiplication_|Qwen/Qwen3-Coder-30B-A3B-Instruct|1,1_Square_matrix_multiplication_,Qwen/Qwen3-Coder-30B-A3B-Instruct,1,27,1,0,generated
ptx|0shot|1_Square_matrix_multiplication_|Qwen/Qwen3-Coder-30B-A3B-Instruct|1,1_Square_matrix_multiplication_,Qwen/Qwen3-Coder-30B-A3B-Instruct,1,28,1,0,generated
ptx|0shot|1_Square_matrix_multiplication_|Qwen/Qwen3-Coder-30B-A3B-Instruct|1,1_Square_matrix_multiplication_,Qwen/Qwen3-Coder-30B-A3B-Instruct,1,29,1,0,generated
ptx|0shot|1_Square_matrix_multiplication_|Qwen/Qwen3-Coder-30B-A3B-Instruct|1,1_Square_matrix_multiplication_,Qwen/Qwen3-Coder-30B-A3B-Instruct,1,30,1,0,generated
ptx|0shot|1_Square_matrix_multiplication_|Qwen/Qwen3-Coder-30B-A3B-Instruct|1,1_Square_matrix_multiplication_,Qwen/Qwen3-Coder-30B-A3B-Instruct,1,31,1,0,generated
ptx|0shot|1_Square_matrix_multiplication_|Qwen/Qwen3-Coder-30B-A3B-Instruct|1,1_Square_matrix_multiplication_,Qwen/Qwen3-Coder-30B-A3B-Instruct,1,32,1,0,generated
ptx|0shot|1_Square_matrix_multiplication_|Qwen/Qwen3-Coder-30B-A3B-Instruct|1,1_Square_matrix_multiplication_,Qwen/Qwen3-Coder-30B-A3B-Instruct,1,33,1,0,generated
ptx|0shot|1_Square_matrix_multiplication_|Qwen/Qwen3-Coder-30B-A3B-Instruct|1,1_Square_matrix_multiplication_,Qwen/Qwen3-Coder-30B-A3B-Instruct,1,34,1,0,generated
ptx|0shot|1_Square_matrix_multiplication_|Qwen/Qwen3-Coder-30B-A3B-Instruct|1,1_Square_matrix_multiplication_,Qwen/Qwen3-Coder-30B-A3B-Instruct,1,35,1,0,generated
ptx|0shot|1_Square_matrix_multiplication_|Qwen/Qwen3-Coder-30B-A3B-Instruct|1,1_Square_matrix_multiplication_,Qwen/Qwen3-Coder-30B-A3B-Instruct,1,36,1,0,generated
ptx|0shot|1_Square_matrix_multiplication_|Qwen/Qwen3-Coder-30B-A3B-Instruct|1,1_Square_matrix_multiplication_,Qwen/Qwen3-Coder-30B-A3B-Instruct,1,37,1,0,generated
ptx|0shot|1_Square_matrix_multiplication_|Qwen/Qwen3-Coder-30B-A3B-Instruct|1,1_Square_matrix_multiplication_,Qwen/Qwen3-Coder-30B-A3B-Instruct,1,38,1,0,generated
ptx|0shot|1_Square_matrix_multiplication_|Qwen/Qwen3-Coder-30B-A3B-Instruct|1,1_Square_matrix_multiplication_,Qwen/Qwen3-Coder-30B-A3B-Instruct,1,39,1,0,generated
ptx|0shot|1_Square_matrix_multiplication_|Qwen/Qwen3-Coder-30B-A3B-Instruct|1,1_Square_matrix_multiplication_,Qwen/Qwen3-Coder-30B-A3B-Instruct,1,40,1,0,generated
ptx|0shot|1_Square_matrix_multiplication_|Qwen/Qwen3-Coder-30B-A3B-Instruct|1,1_Square_matrix_multiplication_,Qwen/Qwen3-Coder-30B-A3B-Instruct,1,41,1,0,generated
ptx|0shot|1_Square_matrix_multiplication_|Qwen/Qwen3-Coder-30B-A3B-Instruct|1,1_Square_matrix_multiplication_,Qwen/Qwen3-Coder-30B-A3B-Instruct,1,42,1,0,generated
ptx|0shot|1_Square_matrix_multiplication_|Qwen/Qwen3-Coder-30B-A3B-Instruct|1,1_Square_matrix_multiplication_,Qwen/Qwen3-Coder-30B-A3B-Instruct,1,43,1,0,generated
ptx|0shot|1_Square_matrix_multiplication_|Qwen/Qwen3-Coder-30B-A3B-Instruct|1,1_Square_matrix_multiplication_,Qwen/Qwen3-Coder-30B-A3B-Instruct,1,44,1,0,generated
ptx|0shot|1_Square_matrix_multiplication_|Qwen/Qwen3-Coder-30B-A3B-Instruct|1,1_Square_matrix_multiplication_,Qwen/Qwen3-Coder-30B-A3B-Instruct,1,45,1,0,generated
ptx|0shot|1_Square_matrix_multiplication_|Qwen/Qwen3-Coder-30B-A3B-Instruct|1,1_Square_matrix_multiplication_,Qwen/Qwen3-Coder-30B-A3B-Instruct,1,46,1,0,generated
ptx|0shot|1_Square_matrix_multiplication_|Qwen/Qwen3-Coder-30B-A3B-Instruct|1,1_Square_matrix_multiplication_,Qwen/Qwen3-Coder-30B-A3B-Instruct,1,47,1,0,generated
ptx|0shot|1_Square_matrix_multiplication_|Qwen/Qwen3-Coder-30B-A3B-Instruct|1,1_Square_matrix_multiplication_,Qwen/Qwen3-Coder-30B-A3B-Instruct,1,48,1,0,generated
ptx|0shot|1_Square_matrix_multiplication_|Qwen/Qwen3-Coder-30B-A3B-Instruct|1,1_Square_matrix_multiplication_,Qwen/Qwen3-Coder-30B-A3B-Instruct,1,49,1,0,generated
ptx|0shot|1_Square_matrix_multiplication_|Qwen/Qwen3-Coder-30B-A3B-Instruct|1,1_Square_matrix_multiplication_,Qwen/Qwen3-Coder-30B-A3B-Instruct,1,50,1,0,generated
ptx|0shot|1_Square_matrix_multiplication_|Qwen/Qwen3-Coder-30B-A3B-Instruct|1,1_Square_matrix_multiplication_,Qwen/Qwen3-Coder-30B-A3B-Instruct,1,51,1,0,generated
ptx|0shot|1_Square_matrix_multiplication_|Qwen/Qwen3-Coder-30B-A3B-Instruct|1,1_Square_matrix_multiplication_,Qwen/Qwen3-Coder-30B-A3B-Instruct,1,52,1,0,generated
ptx|0shot|1_Square_matrix_multiplication_|Qwen/Qwen3-Coder-30B-A3B-Instruct|1,1_Square_matrix_multiplication_,Qwen/Qwen3-Coder-30B-A3B-Instruct,1,53,1,0,generated
ptx|0shot|1_Square_matrix_multiplication_|Qwen/Qwen3-Coder-30B-A3B-Instruct|1,1_Square_matrix_multiplication_,Qwen/Qwen3-Coder-30B-A3B-Instruct,1,54,1,0,generated
ptx|0shot|1_Square_matrix_multiplication_|Qwen/Qwen3-Coder-30B-A3B-Instruct|1,1_Square_matrix_multiplication_,Qwen/Qwen3-Coder-30B-A3B-Instruct,1,55,1,0,generated
ptx|0shot|1_Square_matrix_multiplication_|Qwen/Qwen3-Coder-30B-A3B-Instruct|1,1_Square_matrix_multiplication_,Qwen/Qwen3-Coder-30B-A3B-Instruct,1,56,1,0,generated
ptx|0shot|1_Square_matrix_multiplication_|Qwen/Qwen3-Coder-30B-A3B-Instruct|1,1_Square_matrix_multiplication_,Qwen/Qwen3-Coder-30B-A3B-Instruct,1,57,1,0,generated
ptx|0shot|1_Square_matrix_multiplication_|Qwen/Qwen3-Coder-30B-A3B-Instruct|1,1_Square_matrix_multiplication_,Qwen/Qwen3-Coder-30B-A3B-Instruct,1,58,1,0,generated
ptx|0shot|1_Square_matrix_multiplication_|Qwen/Qwen3-Coder-30B-A3B-Instruct|1,1_Square_matrix_multiplication_,Qwen/Qwen3-Coder-30B-A3B-Instruct,1,59,1,0,generated
ptx|0shot|1_Square_matrix_multiplication_|Qwen/Qwen3-Coder-30B-A3B-Instruct|1,1_Square_matrix_multiplication_,Qwen/Qwen3-Coder-30B-A3B-Instruct,1,60,1,0,generated
ptx|0shot|1_Square_matrix_multiplication_|Qwen/Qwen3-Coder-30B-A3B-Instruct|1,1_Square_matrix_multiplication_,Qwen/Qwen3-Coder-30B-A3B-Instruct,1,61,1,0,generated
ptx|0shot|1_Square_matrix_multiplication_|Qwen/Qwen3-Coder-30B-A3B-Instruct|1,1_Square_matrix_multiplication_,Qwen/Qwen3-Coder-30B-A3B-Instruct,1,62,1,0,generated
ptx|0shot|1_Square_matrix_multiplication_|Qwen/Qwen3-Coder-30B-A3B-Instruct|1,1_Square_matrix_multiplication_,Qwen/Qwen3-Coder-30B-A3B-Instruct,1,63,1,0,generated
ptx|0shot|1_Square_matrix_multiplication_|Qwen/Qwen3-Coder-30B-A3B-Instruct|1,1_Square_matrix_multiplication_,Qwen/Qwen3-Coder-30B-A3B-Instruct,1,64,1,0,generated
ptx|0shot|1_Square_matrix_multiplication_|Qwen/Qwen3-Coder-30B-A3B-Instruct|1,1_Square_matrix_multiplication_,Qwen/Qwen3-Coder-30B-A3B-Instruct,1,65,1,0,generated
ptx|0shot|1_Square_matrix_multiplication_|Qwen/Qwen3-Coder-30B-A3B-Instruct|1,1_Square_matrix_multiplication_,Qwen/Qwen3-Coder-30B-A3B-Instruct,1,66,1,0,generated
ptx|0shot|1_Square_matrix_multiplication_|Qwen/Qwen3-Coder-30B-A3B-Instruct|1,1_Square_matrix_multiplication_,Qwen/Qwen3-Coder-30B-A3B-Instruct,1,67,1,0,generated
ptx|0shot|1_Square_matrix_multiplication_|Qwen/Qwen3-Coder-30B-A3B-Instruct|1,1_Square_matrix_multiplication_,Qwen/Qwen3-Coder-30B-A3B-Instruct,1,68,1,0,generated
ptx|0shot|1_Square_matrix_multiplication_|Qwen/Qwen3-Coder-30B-A3B-Instruct|1,1_Square_matrix_multiplication_,Qwen/Qwen3-Coder-30B-A3B-Instruct,1,69,1,0,generated
ptx|0shot|1_Square_matrix_multiplication_|Qwen/Qwen3-Coder-30B-A3B-Instruct|1,1_Square_matrix_multiplication_,Qwen/Qwen3-Coder-30B-A3B-Instruct,1,70,1,0,generated
ptx|0shot|1_Square_matrix_multiplication_|Qwen/Qwen3-Coder-30B-A3B-Instruct|1,1_Square_matrix_multiplication_,Qwen/Qwen3-Coder-30B-A3B-Instruct,1,71,1,0,generated
ptx|0shot|1_Square_matrix_multiplication_|Qwen/Qwen3-Coder-30B-A3B-Instruct|1,1_Square_matrix_multiplication_,Qwen/Qwen3-Coder-30B-A3B-Instruct,1,72,1,0,generated
ptx|0shot|1_Square_matrix_multiplication_|Qwen/Qwen3-Coder-30B-A3B-Instruct|1,1_Square_matrix_multiplication_,Qwen/Qwen3-Coder-30B-A3B-Instruct,1,73,1,0,generated
ptx|0shot|1_Square_matrix_multiplication_|Qwen/Qwen3-Coder-30B-A3B-Instruct|1,1_Square_matrix_multiplication_,Qwen/Qwen3-Coder-30B-A3B-Instruct,1,74,1,0,generated
ptx|0shot|1_Square_matrix_multiplication_|Qwen/Qwen3-Coder-30B-A3B-Instruct|1,1_Square_matrix_multiplication_,Qwen/Qwen3-Coder-30B-A3B-Instruct,1,75,1,0,generated
ptx|0shot|1_Square_matrix_multiplication_|Qwen/Qwen3-Coder-30B-A3B-Instruct|1,1_Square_matrix_multiplication_,Qwen/Qwen3-Coder-30B-A3B-Instruct,1,76,1,0,generated
ptx|0shot|1_Square_matrix_multiplication_|Qwen/Qwen3-Coder-30B-A3B-Instruct|1,1_Square_matrix_multiplication_,Qwen/Qwen3-Coder-30B-A3B-Instruct,1,77,1,0,generated
ptx|0shot|1_Square_matrix_multiplication_|Qwen/Qwen3-Coder-30B-A3B-Instruct|1,1_Square_matrix_multiplication_,Qwen/Qwen3-Coder-30B-A3B-Instruct,1,78,1,0,generated
ptx|0shot|1_Square_matrix_multiplication_|Qwen/Qwen3-Coder-30B-A3B-Instruct|1,1_Square_matrix_multiplication_,Qwen/Qwen3-Coder-30B-A3B-Instruct,1,79,1,0,generated
ptx|0shot|1_Square_matrix_multiplication_|Qwen/Qwen3-Coder-30B-A3B-Instruct|1,1_Square_matrix_multiplication_,Qwen/Qwen3-Coder-30B-A3B-Instruct,1,80,1,0,generated
ptx|0shot|1_Square_matrix_multiplication_|Qwen/Qwen3-Coder-30B-A3B-Instruct|1,1_Square_matrix_multiplication_,Qwen/Qwen3-Coder-30B-A3B-Instruct,1,81,1,0,generated
ptx|0shot|1_Square_matrix_multiplication_|Qwen/Qwen3-Coder-30B-A3B-Instruct|1,1_Square_matrix_multiplication_,Qwen/Qwen3-Coder-30B-A3B-Instruct,1,82,1,0,generated
ptx|0shot|1_Square_matrix_multiplication_|Qwen/Qwen3-Coder-30B-A3B-Instruct|1,1_Square_matrix_multiplication_,Qwen/Qwen3-Coder-30B-A3B-Instruct,1,83,1,0,generated
ptx|0shot|1_Square_matrix_multiplication_|Qwen/Qwen3-Coder-30B-A3B-Instruct|1,1_Square_matrix_multiplication_,Qwen/Qwen3-Coder-30B-A3B-Instruct,1,84,1,0,generated
ptx|0shot|1_Square_matrix_multiplication_|Qwen/Qwen3-Coder-30B-A3B-Instruct|1,1_Square_matrix_multiplication_,Qwen/Qwen3-Coder-30B-A3B-Instruct,1,85,1,0,generated
ptx|0shot|1_Square_matrix_multiplication_|Qwen/Qwen3-Coder-30B-A3B-Instruct|1,1_Square_matrix_multiplication_,Qwen/Qwen3-Coder-30B-A3B-Instruct,1,86,1,0,generated
ptx|0shot|1_Square_matrix_multiplication_|Qwen/Qwen3-Coder-30B-A3B-Instruct|1,1_Square_matrix_multiplication_,Qwen/Qwen3-Coder-30B-A3B-Instruct,1,87,1,0,generated
ptx|0shot|1_Square_matrix_multiplication_|Qwen/Qwen3-Coder-30B-A3B-Instruct|1,1_Square_matrix_multiplication_,Qwen/Qwen3-Coder-30B-A3B-Instruct,1,88,1,0,generated
ptx|0shot|1_Square_matrix_multiplication_|Qwen/Qwen3-Coder-30B-A3B-Instruct|1,1_Square_matrix_multiplication_,Qwen/Qwen3-Coder-30B-A3B-Instruct,1,89,1,0,generated
ptx|0shot|1_Square_matrix_multiplication_|Qwen/Qwen3-Coder-30B-A3B-Instruct|1,1_Square_matrix_multiplication_,Qwen/Qwen3-Coder-30B-A3B-Instruct,1,90,1,0,generated
ptx|0shot|1_Square_matrix_multiplication_|Qwen/Qwen3-Coder-30B-A3B-Instruct|1,1_Square_matrix_multiplication_,Qwen/Qwen3-Coder-30B-A3B-Instruct,1,91,1,0,generated
ptx|0shot|1_Square_matrix_multiplication_|Qwen/Qwen3-Coder-30B-A3B-Instruct|1,1_Square_matrix_multiplication_,Qwen/Qwen3-Coder-30B-A3B-Instruct,1,92,1,0,generated
ptx|0shot|1_Square_matrix_multiplication_|Qwen/Qwen3-Coder-30B-A3B-Instruct|1,1_Square_matrix_multiplication_,Qwen/Qwen3-Coder-30B-A3B-Instruct,1,93,1,0,generated
ptx|0shot|1_Square_matrix_multiplication_|Qwen/Qwen3-Coder-30B-A3B-Instruct|1,1_Square_matrix_multiplication_,Qwen/Qwen3-Coder-30B-A3B-Instruct,1,94,1,0,generated
ptx|0shot|1_Square_matrix_multiplication_|Qwen/Qwen3-Coder-30B-A3B-Instruct|1,1_Square_matrix_multiplication_,Qwen/Qwen3-Coder-30B-A3B-Instruct,1,95,1,0,generated
ptx|0shot|1_Square_matrix_multiplication_|Qwen/Qwen3-Coder-30B-A3B-Instruct|1,1_Square_matrix_multiplication_,Qwen/Qwen3-Coder-30B-A3B-Instruct,1,96,1,0,generated
ptx|0shot|1_Square_matrix_multiplication_|Qwen/Qwen3-Coder-30B-A3B-Instruct|1,1_Square_matrix_multiplication_,Qwen/Qwen3-Coder-30B-A3B-Instruct,1,97,1,0,generated
ptx|0shot|1_Square_matrix_multiplication_|Qwen/Qwen3-Coder-30B-A3B-Instruct|1,1_Square_matrix_multiplication_,Qwen/Qwen3-Coder-30B-A3B-Instruct,1,98,1,0,generated
ptx|0shot|1_Square_matrix_multiplication_|Qwen/Qwen3-Coder-30B-A3B-Instruct|1,1_Square_matrix_multiplication_,Qwen/Qwen3-Coder-30B-A3B-Instruct,1,99,1,0,generated
ptx|0shot|1_Square_matrix_multiplication_|Qwen/Qwen3-Coder-30B-A3B-Instruct|1,1_Square_matrix_multiplication_,Qwen/Qwen3-Coder-30B-A3B-Instruct,1,100,1,0,generated
ptx|0shot|1_Square_matrix_multiplication_|Qwen/Qwen3-Coder-30B-A3B-Instruct|2,1_Square_matrix_multiplication_,Qwen/Qwen3-Coder-30B-A3B-Instruct,2,1,1,0,generated
ptx|0shot|1_Square_matrix_multiplication_|Qwen/Qwen3-Coder-30B-A3B-Instruct|2,1_Square_matrix_multiplication_,Qwen/Qwen3-Coder-30B-A3B-Instruct,2,2,1,0,generated
ptx|0shot|1_Square_matrix_multiplication_|Qwen/Qwen3-Coder-30B-A3B-Instruct|2,1_Square_matrix_multiplication_,Qwen/Qwen3-Coder-30B-A3B-Instruct,2,3,1,0,generated
ptx|0shot|1_Square_matrix_multiplication_|Qwen/Qwen3-Coder-30B-A3B-Instruct|2,1_Square_matrix_multiplication_,Qwen/Qwen3-Coder-30B-A3B-Instruct,2,4,1,0,generated
ptx|0shot|1_Square_matrix_multiplication_|Qwen/Qwen3-Coder-30B-A3B-Instruct|2,1_Square_matrix_multiplication_,Qwen/Qwen3-Coder-30B-A3B-Instruct,2,5,1,0,generated
ptx|0shot|1_Square_matrix_multiplication_|Qwen/Qwen3-Coder-30B-A3B-Instruct|2,1_Square_matrix_multiplication_,Qwen/Qwen3-Coder-30B-A3B-Instruct,2,6,1,0,generated
ptx|0shot|1_Square_matrix_multiplication_|Qwen/Qwen3-Coder-30B-A3B-Instruct|2,1_Square_matrix_multiplication_,Qwen/Qwen3-Coder-30B-A3B-Instruct,2,7,1,0,generated
ptx|0shot|1_Square_matrix_multiplication_|Qwen/Qwen3-Coder-30B-A3B-Instruct|2,1_Square_matrix_multiplication_,Qwen/Qwen3-Coder-30B-A3B-Instruct,2,8,1,0,generated
ptx|0shot|1_Square_matrix_multiplication_|Qwen/Qwen3-Coder-30B-A3B-Instruct|2,1_Square_matrix_multiplication_,Qwen/Qwen3-Coder-30B-A3B-Instruct,2,9,1,0,generated
ptx|0shot|1_Square_matrix_multiplication_|Qwen/Qwen3-Coder-30B-A3B-Instruct|2,1_Square_matrix_multiplication_,Qwen/Qwen3-Coder-30B-A3B-Instruct,2,10,1,0,generated
ptx|0shot|1_Square_matrix_multiplication_|Qwen/Qwen3-Coder-30B-A3B-Instruct|2,1_Square_matrix_multiplication_,Qwen/Qwen3-Coder-30B-A3B-Instruct,2,11,1,0,generated
ptx|0shot|1_Square_matrix_multiplication_|Qwen/Qwen3-Coder-30B-A3B-Instruct|2,1_Square_matrix_multiplication_,Qwen/Qwen3-Coder-30B-A3B-Instruct,2,12,1,0,generated
ptx|0shot|1_Square_matrix_multiplication_|Qwen/Qwen3-Coder-30B-A3B-Instruct|2,1_Square_matrix_multiplication_,Qwen/Qwen3-Coder-30B-A3B-Instruct,2,13,1,0,generated
ptx|0shot|1_Square_matrix_multiplication_|Qwen/Qwen3-Coder-30B-A3B-Instruct|2,1_Square_matrix_multiplication_,Qwen/Qwen3-Coder-30B-A3B-Instruct,2,14,1,0,generated
ptx|0shot|1_Square_matrix_multiplication_|Qwen/Qwen3-Coder-30B-A3B-Instruct|2,1_Square_matrix_multiplication_,Qwen/Qwen3-Coder-30B-A3B-Instruct,2,15,1,0,generated
ptx|0shot|1_Square_matrix_multiplication_|Qwen/Qwen3-Coder-30B-A3B-Instruct|2,1_Square_matrix_multiplication_,Qwen/Qwen3-Coder-30B-A3B-Instruct,2,16,1,0,generated
ptx|0shot|1_Square_matrix_multiplication_|Qwen/Qwen3-Coder-30B-A3B-Instruct|2,1_Square_matrix_multiplication_,Qwen/Qwen3-Coder-30B-A3B-Instruct,2,17,1,0,generated
ptx|0shot|1_Square_matrix_multiplication_|Qwen/Qwen3-Coder-30B-A3B-Instruct|2,1_Square_matrix_multiplication_,Qwen/Qwen3-Coder-30B-A3B-Instruct,2,18,1,0,generated
ptx|0shot|1_Square_matrix_multiplication_|Qwen/Qwen3-Coder-30B-A3B-Instruct|2,1_Square_matrix_multiplication_,Qwen/Qwen3-Coder-30B-A3B-Instruct,2,19,1,0,generated
ptx|0shot|1_Square_matrix_multiplication_|Qwen/Qwen3-Coder-30B-A3B-Instruct|2,1_Square_matrix_multiplication_,Qwen/Qwen3-Coder-30B-A3B-Instruct,2,20,1,0,generated
ptx|0shot|1_Square_matrix_multiplication_|Qwen/Qwen3-Coder-30B-A3B-Instruct|2,1_Square_matrix_multiplication_,Qwen/Qwen3-Coder-30B-A3B-Instruct,2,21,1,0,generated
ptx|0shot|1_Square_matrix_multiplication_|Qwen/Qwen3-Coder-30B-A3B-Instruct|2,1_Square_matrix_multiplication_,Qwen/Qwen3-Coder-30B-A3B-Instruct,2,22,1,0,generated
ptx|0shot|1_Square_matrix_multiplication_|Qwen/Qwen3-Coder-30B-A3B-Instruct|2,1_Square_matrix_multiplication_,Qwen/Qwen3-Coder-30B-A3B-Instruct,2,23,1,0,generated
ptx|0shot|1_Square_matrix_multiplication_|Qwen/Qwen3-Coder-30B-A3B-Instruct|2,1_Square_matrix_multiplication_,Qwen/Qwen3-Coder-30B-A3B-Instruct,2,24,1,0,generated
ptx|0shot|1_Square_matrix_multiplication_|Qwen/Qwen3-Coder-30B-A3B-Instruct|2,1_Square_matrix_multiplication_,Qwen/Qwen3-Coder-30B-A3B-Instruct,2,25,1,0,generated
ptx|0shot|1_Square_matrix_multiplication_|Qwen/Qwen3-Coder-30B-A3B-Instruct|2,1_Square_matrix_multiplication_,Qwen/Qwen3-Coder-30B-A3B-Instruct,2,26,1,0,generated
ptx|0shot|1_Square_matrix_multiplication_|Qwen/Qwen3-Coder-30B-A3B-Instruct|2,1_Square_matrix_multiplication_,Qwen/Qwen3-Coder-30B-A3B-Instruct,2,27,1,0,generated
ptx|0shot|1_Square_matrix_multiplication_|Qwen/Qwen3-Coder-30B-A3B-Instruct|2,1_Square_matrix_multiplication_,Qwen/Qwen3-Coder-30B-A3B-Instruct,2,28,1,0,generated
ptx|0shot|1_Square_matrix_multiplication_|Qwen/Qwen3-Coder-30B-A3B-Instruct|2,1_Square_matrix_multiplication_,Qwen/Qwen3-Coder-30B-A3B-Instruct,2,29,1,0,generated
ptx|0shot|1_Square_matrix_multiplication_|Qwen/Qwen3-Coder-30B-A3B-Instruct|2,1_Square_matrix_multiplication_,Qwen/Qwen3-Coder-30B-A3B-Instruct,2,30,1,0,generated
ptx|0shot|1_Square_matrix_multiplication_|Qwen/Qwen3-Coder-30B-A3B-Instruct|2,1_Square_matrix_multiplication_,Qwen/Qwen3-Coder-30B-A3B-Instruct,2,31,1,0,generated
ptx|0shot|1_Square_matrix_multiplication_|Qwen/Qwen3-Coder-30B-A3B-Instruct|2,1_Square_matrix_multiplication_,Qwen/Qwen3-Coder-30B-A3B-Instruct,2,32,1,0,generated
ptx|0shot|1_Square_matrix_multiplication_|Qwen/Qwen3-Coder-30B-A3B-Instruct|2,1_Square_matrix_multiplication_,Qwen/Qwen3-Coder-30B-A3B-Instruct,2,33,1,0,generated
ptx|0shot|1_Square_matrix_multiplication_|Qwen/Qwen3-Coder-30B-A3B-Instruct|2,1_Square_matrix_multiplication_,Qwen/Qwen3-Coder-30B-A3B-Instruct,2,34,1,0,generated
ptx|0shot|1_Square_matrix_multiplication_|Qwen/Qwen3-Coder-30B-A3B-Instruct|2,1_Square_matrix_multiplication_,Qwen/Qwen3-Coder-30B-A3B-Instruct,2,35,1,0,generated
ptx|0shot|1_Square_matrix_multiplication_|Qwen/Qwen3-Coder-30B-A3B-Instruct|2,1_Square_matrix_multiplication_,Qwen/Qwen3-Coder-30B-A3B-Instruct,2,36,1,0,generated
ptx|0shot|1_Square_matrix_multiplication_|Qwen/Qwen3-Coder-30B-A3B-Instruct|2,1_Square_matrix_multiplication_,Qwen/Qwen3-Coder-30B-A3B-Instruct,2,37,1,0,generated
ptx|0shot|1_Square_matrix_multiplication_|Qwen/Qwen3-Coder-30B-A3B-Instruct|2,1_Square_matrix_multiplication_,Qwen/Qwen3-Coder-30B-A3B-Instruct,2,38,1,0,generated
ptx|0shot|1_Square_matrix_multiplication_|Qwen/Qwen3-Coder-30B-A3B-Instruct|2,1_Square_matrix_multiplication_,Qwen/Qwen3-Coder-30B-A3B-Instruct,2,39,1,0,generated
ptx|0shot|1_Square_matrix_multiplication_|Qwen/Qwen3-Coder-30B-A3B-Instruct|2,1_Square_matrix_multiplication_,Qwen/Qwen3-Coder-30B-A3B-Instruct,2,40,1,0,generated
ptx|0shot|1_Square_matrix_multiplication_|Qwen/Qwen3-Coder-30B-A3B-Instruct|2,1_Square_matrix_multiplication_,Qwen/Qwen3-Coder-30B-A3B-Instruct,2,41,1,0,generated
ptx|0shot|1_Square_matrix_multiplication_|Qwen/Qwen3-Coder-30B-A3B-Instruct|2,1_Square_matrix_multiplication_,Qwen/Qwen3-Coder-30B-A3B-Instruct,2,42,1,0,generated
ptx|0shot|1_Square_matrix_multiplication_|Qwen/Qwen3-Coder-30B-A3B-Instruct|2,1_Square_matrix_multiplication_,Qwen/Qwen3-Coder-30B-A3B-Instruct,2,43,1,0,generated
ptx|0shot|1_Square_matrix_multiplication_|Qwen/Qwen3-Coder-30B-A3B-Instruct|2,1_Square_matrix_multiplication_,Qwen/Qwen3-Coder-30B-A3B-Instruct,2,44,1,0,generated
ptx|0shot|1_Square_matrix_multiplication_|Qwen/Qwen3-Coder-30B-A3B-Instruct|2,1_Square_matrix_multiplication_,Qwen/Qwen3-Coder-30B-A3B-Instruct,2,45,1,0,generated
ptx|0shot|1_Square_matrix_multiplication_|Qwen/Qwen3-Coder-30B-A3B-Instruct|2,1_Square_matrix_multiplication_,Qwen/Qwen3-Coder-30B-A3B-Instruct,2,46,1,0,generated
ptx|0shot|1_Square_matrix_multiplication_|Qwen/Qwen3-Coder-30B-A3B-Instruct|2,1_Square_matrix_multiplication_,Qwen/Qwen3-Coder-30B-A3B-Instruct,2,47,1,0,generated
ptx|0shot|1_Square_matrix_multiplication_|Qwen/Qwen3-Coder-30B-A3B-Instruct|2,1_Square_matrix_multiplication_,Qwen/Qwen3-Coder-30B-A3B-Instruct,2,48,1,0,generated
ptx|0shot|1_Square_matrix_multiplication_|Qwen/Qwen3-Coder-30B-A3B-Instruct|2,1_Square_matrix_multiplication_,Qwen/Qwen3-Coder-30B-A3B-Instruct,2,49,1,0,generated
ptx|0shot|1_Square_matrix_multiplication_|Qwen/Qwen3-Coder-30B-A3B-Instruct|2,1_Square_matrix_multiplication_,Qwen/Qwen3-Coder-30B-A3B-Instruct,2,50,1,0,generated
ptx|0shot|1_Square_matrix_multiplication_|Qwen/Qwen3-Coder-30B-A3B-Instruct|2,1_Square_matrix_multiplication_,Qwen/Qwen3-Coder-30B-A3B-Instruct,2,51,1,0,generated
ptx|0shot|1_Square_matrix_multiplication_|Qwen/Qwen3-Coder-30B-A3B-Instruct|2,1_Square_matrix_multiplication_,Qwen/Qwen3-Coder-30B-A3B-Instruct,2,52,1,0,generated
ptx|0shot|1_Square_matrix_multiplication_|Qwen/Qwen3-Coder-30B-A3B-Instruct|2,1_Square_matrix_multiplication_,Qwen/Qwen3-Coder-30B-A3B-Instruct,2,53,1,0,generated
ptx|0shot|1_Square_matrix_multiplication_|Qwen/Qwen3-Coder-30B-A3B-Instruct|2,1_Square_matrix_multiplication_,Qwen/Qwen3-Coder-30B-A3B-Instruct,2,54,1,0,generated
ptx|0shot|1_Square_matrix_multiplication_|Qwen/Qwen3-Coder-30B-A3B-Instruct|2,1_Square_matrix_multiplication_,Qwen/Qwen3-Coder-30B-A3B-Instruct,2,55,1,0,generated
ptx|0shot|1_Square_matrix_multiplication_|Qwen/Qwen3-Coder-30B-A3B-Instruct|2,1_Square_matrix_multiplication_,Qwen/Qwen3-Coder-30B-A3B-Instruct,2,56,1,0,generated
ptx|0shot|1_Square_matrix_multiplication_|Qwen/Qwen3-Coder-30B-A3B-Instruct|2,1_Square_matrix_multiplication_,Qwen/Qwen3-Coder-30B-A3B-Instruct,2,57,1,0,generated
ptx|0shot|1_Square_matrix_multiplication_|Qwen/Qwen3-Coder-30B-A3B-Instruct|2,1_Square_matrix_multiplication_,Qwen/Qwen3-Coder-30B-A3B-Instruct,2,58,1,0,generated
ptx|0shot|1_Square_matrix_multiplication_|Qwen/Qwen3-Coder-30B-A3B-Instruct|2,1_Square_matrix_multiplication_,Qwen/Qwen3-Coder-30B-A3B-Instruct,2,59,1,0,generated
ptx|0shot|1_Square_matrix_multiplication_|Qwen/Qwen3-Coder-30B-A3B-Instruct|2,1_Square_matrix_multiplication_,Qwen/Qwen3-Coder-30B-A3B-Instruct,2,60,1,0,generated
ptx|0shot|1_Square_matrix_multiplication_|Qwen/Qwen3-Coder-30B-A3B-Instruct|2,1_Square_matrix_multiplication_,Qwen/Qwen3-Coder-30B-A3B-Instruct,2,61,1,0,generated
ptx|0shot|1_Square_matrix_multiplication_|Qwen/Qwen3-Coder-30B-A3B-Instruct|2,1_Square_matrix_multiplication_,Qwen/Qwen3-Coder-30B-A3B-Instruct,2,62,1,0,generated
ptx|0shot|1_Square_matrix_multiplication_|Qwen/Qwen3-Coder-30B-A3B-Instruct|2,1_Square_matrix_multiplication_,Qwen/Qwen3-Coder-30B-A3B-Instruct,2,63,1,0,generated
ptx|0shot|1_Square_matrix_multiplication_|Qwen/Qwen3-Coder-30B-A3B-Instruct|2,1_Square_matrix_multiplication_,Qwen/Qwen3-Coder-30B-A3B-Instruct,2,64,1,0,generated
ptx|0shot|1_Square_matrix_multiplication_|Qwen/Qwen3-Coder-30B-A3B-Instruct|2,1_Square_matrix_multiplication_,Qwen/Qwen3-Coder-30B-A3B-Instruct,2,65,1,0,generated
ptx|0shot|1_Square_matrix_multiplication_|Qwen/Qwen3-Coder-30B-A3B-Instruct|2,1_Square_matrix_multiplication_,Qwen/Qwen3-Coder-30B-A3B-Instruct,2,66,1,0,generated
ptx|0shot|1_Square_matrix_multiplication_|Qwen/Qwen3-Coder-30B-A3B-Instruct|2,1_Square_matrix_multiplication_,Qwen/Qwen3-Coder-30B-A3B-Instruct,2,67,1,0,generated
ptx|0shot|1_Square_matrix_multiplication_|Qwen/Qwen3-Coder-30B-A3B-Instruct|2,1_Square_matrix_multiplication_,Qwen/Qwen3-Coder-30B-A3B-Instruct,2,68,1,0,generated
ptx|0shot|1_Square_matrix_multiplication_|Qwen/Qwen3-Coder-30B-A3B-Instruct|2,1_Square_matrix_multiplication_,Qwen/Qwen3-Coder-30B-A3B-Instruct,2,69,1,0,generated
ptx|0shot|1_Square_matrix_multiplication_|Qwen/Qwen3-Coder-30B-A3B-Instruct|2,1_Square_matrix_multiplication_,Qwen/Qwen3-Coder-30B-A3B-Instruct,2,70,1,0,generated
ptx|0shot|1_Square_matrix_multiplication_|Qwen/Qwen3-Coder-30B-A3B-Instruct|2,1_Square_matrix_multiplication_,Qwen/Qwen3-Coder-30B-A3B-Instruct,2,71,1,0,generated
ptx|0shot|1_Square_matrix_multiplication_|Qwen/Qwen3-Coder-30B-A3B-Instruct|2,1_Square_matrix_multiplication_,Qwen/Qwen3-Coder-30B-A3B-Instruct,2,72,1,0,generated
ptx|0shot|1_Square_matrix_multiplication_|Qwen/Qwen3-Coder-30B-A3B-Instruct|2,1_Square_matrix_multiplication_,Qwen/Qwen3-Coder-30B-A3B-Instruct,2,73,1,0,generated
ptx|0shot|1_Square_matrix_multiplication_|Qwen/Qwen3-Coder-30B-A3B-Instruct|2,1_Square_matrix_multiplication_,Qwen/Qwen3-Coder-30B-A3B-Instruct,2,74,1,0,generated
ptx|0shot|1_Square_matrix_multiplication_|Qwen/Qwen3-Coder-30B-A3B-Instruct|2,1_Square_matrix_multiplication_,Qwen/Qwen3-Coder-30B-A3B-Instruct,2,75,1,0,generated
ptx|0shot|1_Square_matrix_multiplication_|Qwen/Qwen3-Coder-30B-A3B-Instruct|2,1_Square_matrix_multiplication_,Qwen/Qwen3-Coder-30B-A3B-Instruct,2,76,1,0,generated
ptx|0shot|1_Square_matrix_multiplication_|Qwen/Qwen3-Coder-30B-A3B-Instruct|2,1_Square_matrix_multiplication_,Qwen/Qwen3-Coder-30B-A3B-Instruct,2,77,1,0,generated
ptx|0shot|1_Square_matrix_multiplication_|Qwen/Qwen3-Coder-30B-A3B-Instruct|2,1_Square_matrix_multiplication_,Qwen/Qwen3-Coder-30B-A3B-Instruct,2,78,1,0,generated
ptx|0shot|1_Square_matrix_multiplication_|Qwen/Qwen3-Coder-30B-A3B-Instruct|2,1_Square_matrix_multiplication_,Qwen/Qwen3-Coder-30B-A3B-Instruct,2,79,1,0,generated
ptx|0shot|1_Square_matrix_multiplication_|Qwen/Qwen3-Coder-30B-A3B-Instruct|2,1_Square_matrix_multiplication_,Qwen/Qwen3-Coder-30B-A3B-Instruct,2,80,1,0,generated
ptx|0shot|1_Square_matrix_multiplication_|Qwen/Qwen3-Coder-30B-A3B-Instruct|2,1_Square_matrix_multiplication_,Qwen/Qwen3-Coder-30B-A3B-Instruct,2,81,1,0,generated
ptx|0shot|1_Square_matrix_multiplication_|Qwen/Qwen3-Coder-30B-A3B-Instruct|2,1_Square_matrix_multiplication_,Qwen/Qwen3-Coder-30B-A3B-Instruct,2,82,1,0,generated
ptx|0shot|1_Square_matrix_multiplication_|Qwen/Qwen3-Coder-30B-A3B-Instruct|2,1_Square_matrix_multiplication_,Qwen/Qwen3-Coder-30B-A3B-Instruct,2,83,1,0,generated
ptx|0shot|1_Square_matrix_multiplication_|Qwen/Qwen3-Coder-30B-A3B-Instruct|2,1_Square_matrix_multiplication_,Qwen/Qwen3-Coder-30B-A3B-Instruct,2,84,1,0,generated
ptx|0shot|1_Square_matrix_multiplication_|Qwen/Qwen3-Coder-30B-A3B-Instruct|2,1_Square_matrix_multiplication_,Qwen/Qwen3-Coder-30B-A3B-Instruct,2,85,1,0,generated
ptx|0shot|1_Square_matrix_multiplication_|Qwen/Qwen3-Coder-30B-A3B-Instruct|2,1_Square_matrix_multiplication_,Qwen/Qwen3-Coder-30B-A3B-Instruct,2,86,1,0,generated
ptx|0shot|1_Square_matrix_multiplication_|Qwen/Qwen3-Coder-30B-A3B-Instruct|2,1_Square_matrix_multiplication_,Qwen/Qwen3-Coder-30B-A3B-Instruct,2,87,1,0,generated
ptx|0shot|1_Square_matrix_multiplication_|Qwen/Qwen3-Coder-30B-A3B-Instruct|2,1_Square_matrix_multiplication_,Qwen/Qwen3-Coder-30B-A3B-Instruct,2,88,1,0,generated
ptx|0shot|1_Square_matrix_multiplication_|Qwen/Qwen3-Coder-30B-A3B-Instruct|2,1_Square_matrix_multiplication_,Qwen/Qwen3-Coder-30B-A3B-Instruct,2,89,1,0,generated
ptx|0shot|1_Square_matrix_multiplication_|Qwen/Qwen3-Coder-30B-A3B-Instruct|2,1_Square_matrix_multiplication_,Qwen/Qwen3-Coder-30B-A3B-Instruct,2,90,1,0,generated
ptx|0shot|1_Square_matrix_multiplication_|Qwen/Qwen3-Coder-30B-A3B-Instruct|2,1_Square_matrix_multiplication_,Qwen/Qwen3-Coder-30B-A3B-Instruct,2,91,1,0,generated
ptx|0shot|1_Square_matrix_multiplication_|Qwen/Qwen3-Coder-30B-A3B-Instruct|2,1_Square_matrix_multiplication_,Qwen/Qwen3-Coder-30B-A3B-Instruct,2,92,1,0,generated
ptx|0shot|1_Square_matrix_multiplication_|Qwen/Qwen3-Coder-30B-A3B-Instruct|2,1_Square_matrix_multiplication_,Qwen/Qwen3-Coder-30B-A3B-Instruct,2,93,1,0,generated
ptx|0shot|1_Square_matrix_multiplication_|Qwen/Qwen3-Coder-30B-A3B-Instruct|2,1_Square_matrix_multiplication_,Qwen/Qwen3-Coder-30B-A3B-Instruct,2,94,1,0,generated
ptx|0shot|1_Square_matrix_multiplication_|Qwen/Qwen3-Coder-30B-A3B-Instruct|2,1_Square_matrix_multiplication_,Qwen/Qwen3-Coder-30B-A3B-Instruct,2,95,1,0,generated
ptx|0shot|1_Square_matrix_multiplication_|Qwen/Qwen3-Coder-30B-A3B-Instruct|2,1_Square_matrix_multiplication_,Qwen/Qwen3-Coder-30B-A3B-Instruct,2,96,1,0,generated
ptx|0shot|1_Square_matrix_multiplication_|Qwen/Qwen3-Coder-30B-A3B-Instruct|2,1_Square_matrix_multiplication_,Qwen/Qwen3-Coder-30B-A3B-Instruct,2,97,1,0,generated
ptx|0shot|1_Square_matrix_multiplication_|Qwen/Qwen3-Coder-30B-A3B-Instruct|2,1_Square_matrix_multiplication_,Qwen/Qwen3-Coder-30B-A3B-Instruct,2,98,1,0,generated
ptx|0shot|1_Square_matrix_multiplication_|Qwen/Qwen3-Coder-30B-A3B-Instruct|2,1_Square_matrix_multiplication_,Qwen/Qwen3-Coder-30B-A3B-Instruct,2,99,1,0,generated
ptx|0shot|1_Square_matrix_multiplication_|Qwen/Qwen3-Coder-30B-A3B-Instruct|2,1_Square_matrix_multiplication_,Qwen/Qwen3-Coder-30B-A3B-Instruct,2,100,1,0,generated
ptx|0shot|1_Square_matrix_multiplication_|Qwen/Qwen3-Coder-30B-A3B-Instruct|3,1_Square_matrix_multiplication_,Qwen/Qwen3-Coder-30B-A3B-Instruct,3,1,1,0,generated
ptx|0shot|1_Square_matrix_multiplication_|Qwen/Qwen3-Coder-30B-A3B-Instruct|3,1_Square_matrix_multiplication_,Qwen/Qwen3-Coder-30B-A3B-Instruct,3,2,1,0,generated
ptx|0shot|1_Square_matrix_multiplication_|Qwen/Qwen3-Coder-30B-A3B-Instruct|3,1_Square_matrix_multiplication_,Qwen/Qwen3-Coder-30B-A3B-Instruct,3,3,1,0,generated
ptx|0shot|1_Square_matrix_multiplication_|Qwen/Qwen3-Coder-30B-A3B-Instruct|3,1_Square_matrix_multiplication_,Qwen/Qwen3-Coder-30B-A3B-Instruct,3,4,1,0,generated
ptx|0shot|1_Square_matrix_multiplication_|Qwen/Qwen3-Coder-30B-A3B-Instruct|3,1_Square_matrix_multiplication_,Qwen/Qwen3-Coder-30B-A3B-Instruct,3,5,1,0,generated
ptx|0shot|1_Square_matrix_multiplication_|Qwen/Qwen3-Coder-30B-A3B-Instruct|3,1_Square_matrix_multiplication_,Qwen/Qwen3-Coder-30B-A3B-Instruct,3,6,1,0,generated
ptx|0shot|1_Square_matrix_multiplication_|Qwen/Qwen3-Coder-30B-A3B-Instruct|3,1_Square_matrix_multiplication_,Qwen/Qwen3-Coder-30B-A3B-Instruct,3,7,1,0,generated
ptx|0shot|1_Square_matrix_multiplication_|Qwen/Qwen3-Coder-30B-A3B-Instruct|3,1_Square_matrix_multiplication_,Qwen/Qwen3-Coder-30B-A3B-Instruct,3,8,1,0,generated
ptx|0shot|1_Square_matrix_multiplication_|Qwen/Qwen3-Coder-30B-A3B-Instruct|3,1_Square_matrix_multiplication_,Qwen/Qwen3-Coder-30B-A3B-Instruct,3,9,1,0,generated
ptx|0shot|1_Square_matrix_multiplication_|Qwen/Qwen3-Coder-30B-A3B-Instruct|3,1_Square_matrix_multiplication_,Qwen/Qwen3-Coder-30B-A3B-Instruct,3,10,1,0,generated
ptx|0shot|1_Square_matrix_multiplication_|Qwen/Qwen3-Coder-30B-A3B-Instruct|3,1_Square_matrix_multiplication_,Qwen/Qwen3-Coder-30B-A3B-Instruct,3,11,1,0,generated
ptx|0shot|1_Square_matrix_multiplication_|Qwen/Qwen3-Coder-30B-A3B-Instruct|3,1_Square_matrix_multiplication_,Qwen/Qwen3-Coder-30B-A3B-Instruct,3,12,1,0,generated
ptx|0shot|1_Square_matrix_multiplication_|Qwen/Qwen3-Coder-30B-A3B-Instruct|3,1_Square_matrix_multiplication_,Qwen/Qwen3-Coder-30B-A3B-Instruct,3,13,1,0,generated
ptx|0shot|1_Square_matrix_multiplication_|Qwen/Qwen3-Coder-30B-A3B-Instruct|3,1_Square_matrix_multiplication_,Qwen/Qwen3-Coder-30B-A3B-Instruct,3,14,1,0,generated
ptx|0shot|1_Square_matrix_multiplication_|Qwen/Qwen3-Coder-30B-A3B-Instruct|3,1_Square_matrix_multiplication_,Qwen/Qwen3-Coder-30B-A3B-Instruct,3,15,1,0,generated
ptx|0shot|1_Square_matrix_multiplication_|Qwen/Qwen3-Coder-30B-A3B-Instruct|3,1_Square_matrix_multiplication_,Qwen/Qwen3-Coder-30B-A3B-Instruct,3,16,1,0,generated
ptx|0shot|1_Square_matrix_multiplication_|Qwen/Qwen3-Coder-30B-A3B-Instruct|3,1_Square_matrix_multiplication_,Qwen/Qwen3-Coder-30B-A3B-Instruct,3,17,1,0,generated
ptx|0shot|1_Square_matrix_multiplication_|Qwen/Qwen3-Coder-30B-A3B-Instruct|3,1_Square_matrix_multiplication_,Qwen/Qwen3-Coder-30B-A3B-Instruct,3,18,1,0,generated
ptx|0shot|1_Square_matrix_multiplication_|Qwen/Qwen3-Coder-30B-A3B-Instruct|3,1_Square_matrix_multiplication_,Qwen/Qwen3-Coder-30B-A3B-Instruct,3,19,1,0,generated
ptx|0shot|1_Square_matrix_multiplication_|Qwen/Qwen3-Coder-30B-A3B-Instruct|3,1_Square_matrix_multiplication_,Qwen/Qwen3-Coder-30B-A3B-Instruct,3,20,1,0,generated
ptx|0shot|1_Square_matrix_multiplication_|Qwen/Qwen3-Coder-30B-A3B-Instruct|3,1_Square_matrix_multiplication_,Qwen/Qwen3-Coder-30B-A3B-Instruct,3,21,1,0,generated
ptx|0shot|1_Square_matrix_multiplication_|Qwen/Qwen3-Coder-30B-A3B-Instruct|3,1_Square_matrix_multiplication_,Qwen/Qwen3-Coder-30B-A3B-Instruct,3,22,1,0,generated
ptx|0shot|1_Square_matrix_multiplication_|Qwen/Qwen3-Coder-30B-A3B-Instruct|3,1_Square_matrix_multiplication_,Qwen/Qwen3-Coder-30B-A3B-Instruct,3,23,1,0,generated
ptx|0shot|1_Square_matrix_multiplication_|Qwen/Qwen3-Coder-30B-A3B-Instruct|3,1_Square_matrix_multiplication_,Qwen/Qwen3-Coder-30B-A3B-Instruct,3,24,1,0,generated
ptx|0shot|1_Square_matrix_multiplication_|Qwen/Qwen3-Coder-30B-A3B-Instruct|3,1_Square_matrix_multiplication_,Qwen/Qwen3-Coder-30B-A3B-Instruct,3,25,1,0,generated
ptx|0shot|1_Square_matrix_multiplication_|Qwen/Qwen3-Coder-30B-A3B-Instruct|3,1_Square_matrix_multiplication_,Qwen/Qwen3-Coder-30B-A3B-Instruct,3,26,1,0,generated
ptx|0shot|1_Square_matrix_multiplication_|Qwen/Qwen3-Coder-30B-A3B-Instruct|3,1_Square_matrix_multiplication_,Qwen/Qwen3-Coder-30B-A3B-Instruct,3,27,1,0,generated
ptx|0shot|1_Square_matrix_multiplication_|Qwen/Qwen3-Coder-30B-A3B-Instruct|3,1_Square_matrix_multiplication_,Qwen/Qwen3-Coder-30B-A3B-Instruct,3,28,1,0,generated
ptx|0shot|1_Square_matrix_multiplication_|Qwen/Qwen3-Coder-30B-A3B-Instruct|3,1_Square_matrix_multiplication_,Qwen/Qwen3-Coder-30B-A3B-Instruct,3,29,1,0,generated
ptx|0shot|1_Square_matrix_multiplication_|Qwen/Qwen3-Coder-30B-A3B-Instruct|3,1_Square_matrix_multiplication_,Qwen/Qwen3-Coder-30B-A3B-Instruct,3,30,1,0,generated
ptx|0shot|1_Square_matrix_multiplication_|Qwen/Qwen3-Coder-30B-A3B-Instruct|3,1_Square_matrix_multiplication_,Qwen/Qwen3-Coder-30B-A3B-Instruct,3,31,1,0,generated
ptx|0shot|1_Square_matrix_multiplication_|Qwen/Qwen3-Coder-30B-A3B-Instruct|3,1_Square_matrix_multiplication_,Qwen/Qwen3-Coder-30B-A3B-Instruct,3,32,1,0,generated
ptx|0shot|1_Square_matrix_multiplication_|Qwen/Qwen3-Coder-30B-A3B-Instruct|3,1_Square_matrix_multiplication_,Qwen/Qwen3-Coder-30B-A3B-Instruct,3,33,1,0,generated
ptx|0shot|1_Square_matrix_multiplication_|Qwen/Qwen3-Coder-30B-A3B-Instruct|3,1_Square_matrix_multiplication_,Qwen/Qwen3-Coder-30B-A3B-Instruct,3,34,1,0,generated
ptx|0shot|1_Square_matrix_multiplication_|Qwen/Qwen3-Coder-30B-A3B-Instruct|3,1_Square_matrix_multiplication_,Qwen/Qwen3-Coder-30B-A3B-Instruct,3,35,1,0,generated
ptx|0shot|1_Square_matrix_multiplication_|Qwen/Qwen3-Coder-30B-A3B-Instruct|3,1_Square_matrix_multiplication_,Qwen/Qwen3-Coder-30B-A3B-Instruct,3,36,1,0,generated
ptx|0shot|1_Square_matrix_multiplication_|Qwen/Qwen3-Coder-30B-A3B-Instruct|3,1_Square_matrix_multiplication_,Qwen/Qwen3-Coder-30B-A3B-Instruct,3,37,1,0,generated
ptx|0shot|1_Square_matrix_multiplication_|Qwen/Qwen3-Coder-30B-A3B-Instruct|3,1_Square_matrix_multiplication_,Qwen/Qwen3-Coder-30B-A3B-Instruct,3,38,1,0,generated
ptx|0shot|1_Square_matrix_multiplication_|Qwen/Qwen3-Coder-30B-A3B-Instruct|3,1_Square_matrix_multiplication_,Qwen/Qwen3-Coder-30B-A3B-Instruct,3,39,1,0,generated
ptx|0shot|1_Square_matrix_multiplication_|Qwen/Qwen3-Coder-30B-A3B-Instruct|3,1_Square_matrix_multiplication_,Qwen/Qwen3-Coder-30B-A3B-Instruct,3,40,1,0,generated
ptx|0shot|1_Square_matrix_multiplication_|Qwen/Qwen3-Coder-30B-A3B-Instruct|3,1_Square_matrix_multiplication_,Qwen/Qwen3-Coder-30B-A3B-Instruct,3,41,1,0,generated
ptx|0shot|1_Square_matrix_multiplication_|Qwen/Qwen3-Coder-30B-A3B-Instruct|3,1_Square_matrix_multiplication_,Qwen/Qwen3-Coder-30B-A3B-Instruct,3,42,1,0,generated
ptx|0shot|1_Square_matrix_multiplication_|Qwen/Qwen3-Coder-30B-A3B-Instruct|3,1_Square_matrix_multiplication_,Qwen/Qwen3-Coder-30B-A3B-Instruct,3,43,1,0,generated
ptx|0shot|1_Square_matrix_multiplication_|Qwen/Qwen3-Coder-30B-A3B-Instruct|3,1_Square_matrix_multiplication_,Qwen/Qwen3-Coder-30B-A3B-Instruct,3,44,1,0,generated
ptx|0shot|1_Square_matrix_multiplication_|Qwen/Qwen3-Coder-30B-A3B-Instruct|3,1_Square_matrix_multiplication_,Qwen/Qwen3-Coder-30B-A3B-Instruct,3,45,1,0,generated
ptx|0shot|1_Square_matrix_multiplication_|Qwen/Qwen3-Coder-30B-A3B-Instruct|3,1_Square_matrix_multiplication_,Qwen/Qwen3-Coder-30B-A3B-Instruct,3,46,1,0,generated
ptx|0shot|1_Square_matrix_multiplication_|Qwen/Qwen3-Coder-30B-A3B-Instruct|3,1_Square_matrix_multiplication_,Qwen/Qwen3-Coder-30B-A3B-Instruct,3,47,1,0,generated
ptx|0shot|1_Square_matrix_multiplication_|Qwen/Qwen3-Coder-30B-A3B-Instruct|3,1_Square_matrix_multiplication_,Qwen/Qwen3-Coder-30B-A3B-Instruct,3,48,1,0,generated
ptx|0shot|1_Square_matrix_multiplication_|Qwen/Qwen3-Coder-30B-A3B-Instruct|3,1_Square_matrix_multiplication_,Qwen/Qwen3-Coder-30B-A3B-Instruct,3,49,1,0,generated
ptx|0shot|1_Square_matrix_multiplication_|Qwen/Qwen3-Coder-30B-A3B-Instruct|3,1_Square_matrix_multiplication_,Qwen/Qwen3-Coder-30B-A3B-Instruct,3,50,1,0,generated
ptx|0shot|1_Square_matrix_multiplication_|Qwen/Qwen3-Coder-30B-A3B-Instruct|3,1_Square_matrix_multiplication_,Qwen/Qwen3-Coder-30B-A3B-Instruct,3,51,1,0,generated
ptx|0shot|1_Square_matrix_multiplication_|Qwen/Qwen3-Coder-30B-A3B-Instruct|3,1_Square_matrix_multiplication_,Qwen/Qwen3-Coder-30B-A3B-Instruct,3,52,1,0,generated
ptx|0shot|1_Square_matrix_multiplication_|Qwen/Qwen3-Coder-30B-A3B-Instruct|3,1_Square_matrix_multiplication_,Qwen/Qwen3-Coder-30B-A3B-Instruct,3,53,1,0,generated
ptx|0shot|1_Square_matrix_multiplication_|Qwen/Qwen3-Coder-30B-A3B-Instruct|3,1_Square_matrix_multiplication_,Qwen/Qwen3-Coder-30B-A3B-Instruct,3,54,1,0,generated
ptx|0shot|1_Square_matrix_multiplication_|Qwen/Qwen3-Coder-30B-A3B-Instruct|3,1_Square_matrix_multiplication_,Qwen/Qwen3-Coder-30B-A3B-Instruct,3,55,1,0,generated
ptx|0shot|1_Square_matrix_multiplication_|Qwen/Qwen3-Coder-30B-A3B-Instruct|3,1_Square_matrix_multiplication_,Qwen/Qwen3-Coder-30B-A3B-Instruct,3,56,1,0,generated
ptx|0shot|1_Square_matrix_multiplication_|Qwen/Qwen3-Coder-30B-A3B-Instruct|3,1_Square_matrix_multiplication_,Qwen/Qwen3-Coder-30B-A3B-Instruct,3,57,1,0,generated
ptx|0shot|1_Square_matrix_multiplication_|Qwen/Qwen3-Coder-30B-A3B-Instruct|3,1_Square_matrix_multiplication_,Qwen/Qwen3-Coder-30B-A3B-Instruct,3,58,1,0,generated
ptx|0shot|1_Square_matrix_multiplication_|Qwen/Qwen3-Coder-30B-A3B-Instruct|3,1_Square_matrix_multiplication_,Qwen/Qwen3-Coder-30B-A3B-Instruct,3,59,1,0,generated
ptx|0shot|1_Square_matrix_multiplication_|Qwen/Qwen3-Coder-30B-A3B-Instruct|3,1_Square_matrix_multiplication_,Qwen/Qwen3-Coder-30B-A3B-Instruct,3,60,1,0,generated
ptx|0shot|1_Square_matrix_multiplication_|Qwen/Qwen3-Coder-30B-A3B-Instruct|3,1_Square_matrix_multiplication_,Qwen/Qwen3-Coder-30B-A3B-Instruct,3,61,1,0,generated
ptx|0shot|1_Square_matrix_multiplication_|Qwen/Qwen3-Coder-30B-A3B-Instruct|3,1_Square_matrix_multiplication_,Qwen/Qwen3-Coder-30B-A3B-Instruct,3,62,1,0,generated
ptx|0shot|1_Square_matrix_multiplication_|Qwen/Qwen3-Coder-30B-A3B-Instruct|3,1_Square_matrix_multiplication_,Qwen/Qwen3-Coder-30B-A3B-Instruct,3,63,1,0,generated
ptx|0shot|1_Square_matrix_multiplication_|Qwen/Qwen3-Coder-30B-A3B-Instruct|3,1_Square_matrix_multiplication_,Qwen/Qwen3-Coder-30B-A3B-Instruct,3,64,1,0,generated
ptx|0shot|1_Square_matrix_multiplication_|Qwen/Qwen3-Coder-30B-A3B-Instruct|3,1_Square_matrix_multiplication_,Qwen/Qwen3-Coder-30B-A3B-Instruct,3,65,1,0,generated
ptx|0shot|1_Square_matrix_multiplication_|Qwen/Qwen3-Coder-30B-A3B-Instruct|3,1_Square_matrix_multiplication_,Qwen/Qwen3-Coder-30B-A3B-Instruct,3,66,1,0,generated
ptx|0shot|1_Square_matrix_multiplication_|Qwen/Qwen3-Coder-30B-A3B-Instruct|3,1_Square_matrix_multiplication_,Qwen/Qwen3-Coder-30B-A3B-Instruct,3,67,1,0,generated
ptx|0shot|1_Square_matrix_multiplication_|Qwen/Qwen3-Coder-30B-A3B-Instruct|3,1_Square_matrix_multiplication_,Qwen/Qwen3-Coder-30B-A3B-Instruct,3,68,1,0,generated
ptx|0shot|1_Square_matrix_multiplication_|Qwen/Qwen3-Coder-30B-A3B-Instruct|3,1_Square_matrix_multiplication_,Qwen/Qwen3-Coder-30B-A3B-Instruct,3,69,1,0,generated
ptx|0shot|1_Square_matrix_multiplication_|Qwen/Qwen3-Coder-30B-A3B-Instruct|3,1_Square_matrix_multiplication_,Qwen/Qwen3-Coder-30B-A3B-Instruct,3,70,1,0,generated
ptx|0shot|1_Square_matrix_multiplication_|Qwen/Qwen3-Coder-30B-A3B-Instruct|3,1_Square_matrix_multiplication_,Qwen/Qwen3-Coder-30B-A3B-Instruct,3,71,1,0,generated
ptx|0shot|1_Square_matrix_multiplication_|Qwen/Qwen3-Coder-30B-A3B-Instruct|3,1_Square_matrix_multiplication_,Qwen/Qwen3-Coder-30B-A3B-Instruct,3,72,1,0,generated
ptx|0shot|1_Square_matrix_multiplication_|Qwen/Qwen3-Coder-30B-A3B-Instruct|3,1_Square_matrix_multiplication_,Qwen/Qwen3-Coder-30B-A3B-Instruct,3,73,1,0,generated
ptx|0shot|1_Square_matrix_multiplication_|Qwen/Qwen3-Coder-30B-A3B-Instruct|3,1_Square_matrix_multiplication_,Qwen/Qwen3-Coder-30B-A3B-Instruct,3,74,1,0,generated
ptx|0shot|1_Square_matrix_multiplication_|Qwen/Qwen3-Coder-30B-A3B-Instruct|3,1_Square_matrix_multiplication_,Qwen/Qwen3-Coder-30B-A3B-Instruct,3,75,1,0,generated
ptx|0shot|1_Square_matrix_multiplication_|Qwen/Qwen3-Coder-30B-A3B-Instruct|3,1_Square_matrix_multiplication_,Qwen/Qwen3-Coder-30B-A3B-Instruct,3,76,1,0,generated
ptx|0shot|1_Square_matrix_multiplication_|Qwen/Qwen3-Coder-30B-A3B-Instruct|3,1_Square_matrix_multiplication_,Qwen/Qwen3-Coder-30B-A3B-Instruct,3,77,1,0,generated
ptx|0shot|1_Square_matrix_multiplication_|Qwen/Qwen3-Coder-30B-A3B-Instruct|3,1_Square_matrix_multiplication_,Qwen/Qwen3-Coder-30B-A3B-Instruct,3,78,1,0,generated
ptx|0shot|1_Square_matrix_multiplication_|Qwen/Qwen3-Coder-30B-A3B-Instruct|3,1_Square_matrix_multiplication_,Qwen/Qwen3-Coder-30B-A3B-Instruct,3,79,1,0,generated
ptx|0shot|1_Square_matrix_multiplication_|Qwen/Qwen3-Coder-30B-A3B-Instruct|3,1_Square_matrix_multiplication_,Qwen/Qwen3-Coder-30B-A3B-Instruct,3,80,1,0,generated
ptx|0shot|1_Square_matrix_multiplication_|Qwen/Qwen3-Coder-30B-A3B-Instruct|3,1_Square_matrix_multiplication_,Qwen/Qwen3-Coder-30B-A3B-Instruct,3,81,1,0,generated
ptx|0shot|1_Square_matrix_multiplication_|Qwen/Qwen3-Coder-30B-A3B-Instruct|3,1_Square_matrix_multiplication_,Qwen/Qwen3-Coder-30B-A3B-Instruct,3,82,1,0,generated
ptx|0shot|1_Square_matrix_multiplication_|Qwen/Qwen3-Coder-30B-A3B-Instruct|3,1_Square_matrix_multiplication_,Qwen/Qwen3-Coder-30B-A3B-Instruct,3,83,1,0,generated
ptx|0shot|1_Square_matrix_multiplication_|Qwen/Qwen3-Coder-30B-A3B-Instruct|3,1_Square_matrix_multiplication_,Qwen/Qwen3-Coder-30B-A3B-Instruct,3,84,1,0,generated
ptx|0shot|1_Square_matrix_multiplication_|Qwen/Qwen3-Coder-30B-A3B-Instruct|3,1_Square_matrix_multiplication_,Qwen/Qwen3-Coder-30B-A3B-Instruct,3,85,1,0,generated
ptx|0shot|1_Square_matrix_multiplication_|Qwen/Qwen3-Coder-30B-A3B-Instruct|3,1_Square_matrix_multiplication_,Qwen/Qwen3-Coder-30B-A3B-Instruct,3,86,1,0,generated
ptx|0shot|1_Square_matrix_multiplication_|Qwen/Qwen3-Coder-30B-A3B-Instruct|3,1_Square_matrix_multiplication_,Qwen/Qwen3-Coder-30B-A3B-Instruct,3,87,1,0,generated
ptx|0shot|1_Square_matrix_multiplication_|Qwen/Qwen3-Coder-30B-A3B-Instruct|3,1_Square_matrix_multiplication_,Qwen/Qwen3-Coder-30B-A3B-Instruct,3,88,1,0,generated
ptx|0shot|1_Square_matrix_multiplication_|Qwen/Qwen3-Coder-30B-A3B-Instruct|3,1_Square_matrix_multiplication_,Qwen/Qwen3-Coder-30B-A3B-Instruct,3,89,1,0,generated
ptx|0shot|1_Square_matrix_multiplication_|Qwen/Qwen3-Coder-30B-A3B-Instruct|3,1_Square_matrix_multiplication_,Qwen/Qwen3-Coder-30B-A3B-Instruct,3,90,1,0,generated
ptx|0shot|1_Square_matrix_multiplication_|Qwen/Qwen3-Coder-30B-A3B-Instruct|3,1_Square_matrix_multiplication_,Qwen/Qwen3-Coder-30B-A3B-Instruct,3,91,1,0,generated
ptx|0shot|1_Square_matrix_multiplication_|Qwen/Qwen3-Coder-30B-A3B-Instruct|3,1_Square_matrix_multiplication_,Qwen/Qwen3-Coder-30B-A3B-Instruct,3,92,1,0,generated
ptx|0shot|1_Square_matrix_multiplication_|Qwen/Qwen3-Coder-30B-A3B-Instruct|3,1_Square_matrix_multiplication_,Qwen/Qwen3-Coder-30B-A3B-Instruct,3,93,1,0,generated
ptx|0shot|1_Square_matrix_multiplication_|Qwen/Qwen3-Coder-30B-A3B-Instruct|3,1_Square_matrix_multiplication_,Qwen/Qwen3-Coder-30B-A3B-Instruct,3,94,1,0,generated
ptx|0shot|1_Square_matrix_multiplication_|Qwen/Qwen3-Coder-30B-A3B-Instruct|3,1_Square_matrix_multiplication_,Qwen/Qwen3-Coder-30B-A3B-Instruct,3,95,1,0,generated
ptx|0shot|1_Square_matrix_multiplication_|Qwen/Qwen3-Coder-30B-A3B-Instruct|3,1_Square_matrix_multiplication_,Qwen/Qwen3-Coder-30B-A3B-Instruct,3,96,1,0,generated
ptx|0shot|1_Square_matrix_multiplication_|Qwen/Qwen3-Coder-30B-A3B-Instruct|3,1_Square_matrix_multiplication_,Qwen/Qwen3-Coder-30B-A3B-Instruct,3,97,1,0,generated
ptx|0shot|1_Square_matrix_multiplication_|Qwen/Qwen3-Coder-30B-A3B-Instruct|3,1_Square_matrix_multiplication_,Qwen/Qwen3-Coder-30B-A3B-Instruct,3,98,1,0,generated
ptx|0shot|1_Square_matrix_multiplication_|Qwen/Qwen3-Coder-30B-A3B-Instruct|3,1_Square_matrix_multiplication_,Qwen/Qwen3-Coder-30B-A3B-Instruct,3,99,1,0,generated
ptx|0shot|1_Square_matrix_multiplication_|Qwen/Qwen3-Coder-30B-A3B-Instruct|3,1_Square_matrix_multiplication_,Qwen/Qwen3-Coder-30B-A3B-Instruct,3,100,1,0,generated
ptx|0shot|1_Square_matrix_multiplication_|Qwen/Qwen3-Coder-30B-A3B-Instruct|4,1_Square_matrix_multiplication_,Qwen/Qwen3-Coder-30B-A3B-Instruct,4,1,0,0,truncated
ptx|0shot|1_Square_matrix_multiplication_|Qwen/Qwen3-Coder-30B-A3B-Instruct|4,1_Square_matrix_multiplication_,Qwen/Qwen3-Coder-30B-A3B-Instruct,4,2,1,0,generated
ptx|0shot|1_Square_matrix_multiplication_|Qwen/Qwen3-Coder-30B-A3B-Instruct|4,1_Square_matrix_multiplication_,Qwen/Qwen3-Coder-30B-A3B-Instruct,4,3,1,0,generated
ptx|0shot|1_Square_matrix_multiplication_|Qwen/Qwen3-Coder-30B-A3B-Instruct|4,1_Square_matrix_multiplication_,Qwen/Qwen3-Coder-30B-A3B-Instruct,4,4,1,0,generated
ptx|0shot|1_Square_matrix_multiplication_|Qwen/Qwen3-Coder-30B-A3B-Instruct|4,1_Square_matrix_multiplication_,Qwen/Qwen3-Coder-30B-A3B-Instruct,4,5,1,0,generated
ptx|0shot|1_Square_matrix_multiplication_|Qwen/Qwen3-Coder-30B-A3B-Instruct|4,1_Square_matrix_multiplication_,Qwen/Qwen3-Coder-30B-A3B-Instruct,4,6,1,0,generated
ptx|0shot|1_Square_matrix_multiplication_|Qwen/Qwen3-Coder-30B-A3B-Instruct|4,1_Square_matrix_multiplication_,Qwen/Qwen3-Coder-30B-A3B-Instruct,4,7,1,0,generated
ptx|0shot|1_Square_matrix_multiplication_|Qwen/Qwen3-Coder-30B-A3B-Instruct|4,1_Square_matrix_multiplication_,Qwen/Qwen3-Coder-30B-A3B-Instruct,4,8,1,0,generated
ptx|0shot|1_Square_matrix_multiplication_|Qwen/Qwen3-Coder-30B-A3B-Instruct|4,1_Square_matrix_multiplication_,Qwen/Qwen3-Coder-30B-A3B-Instruct,4,9,1,0,generated
ptx|0shot|1_Square_matrix_multiplication_|Qwen/Qwen3-Coder-30B-A3B-Instruct|4,1_Square_matrix_multiplication_,Qwen/Qwen3-Coder-30B-A3B-Instruct,4,10,1,0,generated
ptx|0shot|1_Square_matrix_multiplication_|Qwen/Qwen3-Coder-30B-A3B-Instruct|4,1_Square_matrix_multiplication_,Qwen/Qwen3-Coder-30B-A3B-Instruct,4,11,1,0,generated
ptx|0shot|1_Square_matrix_multiplication_|Qwen/Qwen3-Coder-30B-A3B-Instruct|4,1_Square_matrix_multiplication_,Qwen/Qwen3-Coder-30B-A3B-Instruct,4,12,1,0,generated
ptx|0shot|1_Square_matrix_multiplication_|Qwen/Qwen3-Coder-30B-A3B-Instruct|4,1_Square_matrix_multiplication_,Qwen/Qwen3-Coder-30B-A3B-Instruct,4,13,1,0,generated
ptx|0shot|1_Square_matrix_multiplication_|Qwen/Qwen3-Coder-30B-A3B-Instruct|4,1_Square_matrix_multiplication_,Qwen/Qwen3-Coder-30B-A3B-Instruct,4,14,1,0,generated
ptx|0shot|1_Square_matrix_multiplication_|Qwen/Qwen3-Coder-30B-A3B-Instruct|4,1_Square_matrix_multiplication_,Qwen/Qwen3-Coder-30B-A3B-Instruct,4,15,1,0,generated
ptx|0shot|1_Square_matrix_multiplication_|Qwen/Qwen3-Coder-30B-A3B-Instruct|4,1_Square_matrix_multiplication_,Qwen/Qwen3-Coder-30B-A3B-Instruct,4,16,1,0,generated
ptx|0shot|1_Square_matrix_multiplication_|Qwen/Qwen3-Coder-30B-A3B-Instruct|4,1_Square_matrix_multiplication_,Qwen/Qwen3-Coder-30B-A3B-Instruct,4,17,1,0,generated
ptx|0shot|1_Square_matrix_multiplication_|Qwen/Qwen3-Coder-30B-A3B-Instruct|4,1_Square_matrix_multiplication_,Qwen/Qwen3-Coder-30B-A3B-Instruct,4,18,1,0,generated
ptx|0shot|1_Square_matrix_multiplication_|Qwen/Qwen3-Coder-30B-A3B-Instruct|4,1_Square_matrix_multiplication_,Qwen/Qwen3-Coder-30B-A3B-Instruct,4,19,1,0,generated
ptx|0shot|1_Square_matrix_multiplication_|Qwen/Qwen3-Coder-30B-A3B-Instruct|4,1_Square_matrix_multiplication_,Qwen/Qwen3-Coder-30B-A3B-Instruct,4,20,1,0,generated
ptx|0shot|1_Square_matrix_multiplication_|Qwen/Qwen3-Coder-30B-A3B-Instruct|4,1_Square_matrix_multiplication_,Qwen/Qwen3-Coder-30B-A3B-Instruct,4,21,1,0,generated
ptx|0shot|1_Square_matrix_multiplication_|Qwen/Qwen3-Coder-30B-A3B-Instruct|4,1_Square_matrix_multiplication_,Qwen/Qwen3-Coder-30B-A3B-Instruct,4,22,1,0,generated
ptx|0shot|1_Square_matrix_multiplication_|Qwen/Qwen3-Coder-30B-A3B-Instruct|4,1_Square_matrix_multiplication_,Qwen/Qwen3-Coder-30B-A3B-Instruct,4,23,1,0,generated
ptx|0shot|1_Square_matrix_multiplication_|Qwen/Qwen3-Coder-30B-A3B-Instruct|4,1_Square_matrix_multiplication_,Qwen/Qwen3-Coder-30B-A3B-Instruct,4,24,1,0,generated
ptx|0shot|1_Square_matrix_multiplication_|Qwen/Qwen3-Coder-30B-A3B-Instruct|4,1_Square_matrix_multiplication_,Qwen/Qwen3-Coder-30B-A3B-Instruct,4,25,1,0,generated
ptx|0shot|1_Square_matrix_multiplication_|Qwen/Qwen3-Coder-30B-A3B-Instruct|4,1_Square_matrix_multiplication_,Qwen/Qwen3-Coder-30B-A3B-Instruct,4,26,1,0,generated
ptx|0shot|1_Square_matrix_multiplication_|Qwen/Qwen3-Coder-30B-A3B-Instruct|4,1_Square_matrix_multiplication_,Qwen/Qwen3-Coder-30B-A3B-Instruct,4,27,1,0,generated
ptx|0shot|1_Square_matrix_multiplication_|Qwen/Qwen3-Coder-30B-A3B-Instruct|4,1_Square_matrix_multiplication_,Qwen/Qwen3-Coder-30B-A3B-Instruct,4,28,1,0,generated
ptx|0shot|1_Square_matrix_multiplication_|Qwen/Qwen3-Coder-30B-A3B-Instruct|4,1_Square_matrix_multiplication_,Qwen/Qwen3-Coder-30B-A3B-Instruct,4,29,1,0,generated
ptx|0shot|1_Square_matrix_multiplication_|Qwen/Qwen3-Coder-30B-A3B-Instruct|4,1_Square_matrix_multiplication_,Qwen/Qwen3-Coder-30B-A3B-Instruct,4,30,1,0,generated
ptx|0shot|1_Square_matrix_multiplication_|Qwen/Qwen3-Coder-30B-A3B-Instruct|4,1_Square_matrix_multiplication_,Qwen/Qwen3-Coder-30B-A3B-Instruct,4,31,1,0,generated
ptx|0shot|1_Square_matrix_multiplication_|Qwen/Qwen3-Coder-30B-A3B-Instruct|4,1_Square_matrix_multiplication_,Qwen/Qwen3-Coder-30B-A3B-Instruct,4,32,1,0,generated
ptx|0shot|1_Square_matrix_multiplication_|Qwen/Qwen3-Coder-30B-A3B-Instruct|4,1_Square_matrix_multiplication_,Qwen/Qwen3-Coder-30B-A3B-Instruct,4,33,1,0,generated
ptx|0shot|1_Square_matrix_multiplication_|Qwen/Qwen3-Coder-30B-A3B-Instruct|4,1_Square_matrix_multiplication_,Qwen/Qwen3-Coder-30B-A3B-Instruct,4,34,1,0,generated
ptx|0shot|1_Square_matrix_multiplication_|Qwen/Qwen3-Coder-30B-A3B-Instruct|4,1_Square_matrix_multiplication_,Qwen/Qwen3-Coder-30B-A3B-Instruct,4,35,1,0,generated
ptx|0shot|1_Square_matrix_multiplication_|Qwen/Qwen3-Coder-30B-A3B-Instruct|4,1_Square_matrix_multiplication_,Qwen/Qwen3-Coder-30B-A3B-Instruct,4,36,1,0,generated
ptx|0shot|1_Square_matrix_multiplication_|Qwen/Qwen3-Coder-30B-A3B-Instruct|4,1_Square_matrix_multiplication_,Qwen/Qwen3-Coder-30B-A3B-Instruct,4,37,1,0,generated
ptx|0shot|1_Square_matrix_multiplication_|Qwen/Qwen3-Coder-30B-A3B-Instruct|4,1_Square_matrix_multiplication_,Qwen/Qwen3-Coder-30B-A3B-Instruct,4,38,1,0,generated
ptx|0shot|1_Square_matrix_multiplication_|Qwen/Qwen3-Coder-30B-A3B-Instruct|4,1_Square_matrix_multiplication_,Qwen/Qwen3-Coder-30B-A3B-Instruct,4,39,1,0,generated
ptx|0shot|1_Square_matrix_multiplication_|Qwen/Qwen3-Coder-30B-A3B-Instruct|4,1_Square_matrix_multiplication_,Qwen/Qwen3-Coder-30B-A3B-Instruct,4,40,1,0,generated
ptx|0shot|1_Square_matrix_multiplication_|Qwen/Qwen3-Coder-30B-A3B-Instruct|4,1_Square_matrix_multiplication_,Qwen/Qwen3-Coder-30B-A3B-Instruct,4,41,1,0,generated
ptx|0shot|1_Square_matrix_multiplication_|Qwen/Qwen3-Coder-30B-A3B-Instruct|4,1_Square_matrix_multiplication_,Qwen/Qwen3-Coder-30B-A3B-Instruct,4,42,1,0,generated
ptx|0shot|1_Square_matrix_multiplication_|Qwen/Qwen3-Coder-30B-A3B-Instruct|4,1_Square_matrix_multiplication_,Qwen/Qwen3-Coder-30B-A3B-Instruct,4,43,1,0,generated
ptx|0shot|1_Square_matrix_multiplication_|Qwen/Qwen3-Coder-30B-A3B-Instruct|4,1_Square_matrix_multiplication_,Qwen/Qwen3-Coder-30B-A3B-Instruct,4,44,1,0,generated
ptx|0shot|1_Square_matrix_multiplication_|Qwen/Qwen3-Coder-30B-A3B-Instruct|4,1_Square_matrix_multiplication_,Qwen/Qwen3-Coder-30B-A3B-Instruct,4,45,1,0,generated
ptx|0shot|1_Square_matrix_multiplication_|Qwen/Qwen3-Coder-30B-A3B-Instruct|4,1_Square_matrix_multiplication_,Qwen/Qwen3-Coder-30B-A3B-Instruct,4,46,1,0,generated
ptx|0shot|1_Square_matrix_multiplication_|Qwen/Qwen3-Coder-30B-A3B-Instruct|4,1_Square_matrix_multiplication_,Qwen/Qwen3-Coder-30B-A3B-Instruct,4,47,1,0,generated
ptx|0shot|1_Square_matrix_multiplication_|Qwen/Qwen3-Coder-30B-A3B-Instruct|4,1_Square_matrix_multiplication_,Qwen/Qwen3-Coder-30B-A3B-Instruct,4,48,1,0,generated
ptx|0shot|1_Square_matrix_multiplication_|Qwen/Qwen3-Coder-30B-A3B-Instruct|4,1_Square_matrix_multiplication_,Qwen/Qwen3-Coder-30B-A3B-Instruct,4,49,1,0,generated
ptx|0shot|1_Square_matrix_multiplication_|Qwen/Qwen3-Coder-30B-A3B-Instruct|4,1_Square_matrix_multiplication_,Qwen/Qwen3-Coder-30B-A3B-Instruct,4,50,1,0,generated
ptx|0shot|1_Square_matrix_multiplication_|Qwen/Qwen3-Coder-30B-A3B-Instruct|4,1_Square_matrix_multiplication_,Qwen/Qwen3-Coder-30B-A3B-Instruct,4,51,1,0,generated
ptx|0shot|1_Square_matrix_multiplication_|Qwen/Qwen3-Coder-30B-A3B-Instruct|4,1_Square_matrix_multiplication_,Qwen/Qwen3-Coder-30B-A3B-Instruct,4,52,1,0,generated
ptx|0shot|1_Square_matrix_multiplication_|Qwen/Qwen3-Coder-30B-A3B-Instruct|4,1_Square_matrix_multiplication_,Qwen/Qwen3-Coder-30B-A3B-Instruct,4,53,1,0,generated
ptx|0shot|1_Square_matrix_multiplication_|Qwen/Qwen3-Coder-30B-A3B-Instruct|4,1_Square_matrix_multiplication_,Qwen/Qwen3-Coder-30B-A3B-Instruct,4,54,1,0,generated
ptx|0shot|1_Square_matrix_multiplication_|Qwen/Qwen3-Coder-30B-A3B-Instruct|4,1_Square_matrix_multiplication_,Qwen/Qwen3-Coder-30B-A3B-Instruct,4,55,1,0,generated
ptx|0shot|1_Square_matrix_multiplication_|Qwen/Qwen3-Coder-30B-A3B-Instruct|4,1_Square_matrix_multiplication_,Qwen/Qwen3-Coder-30B-A3B-Instruct,4,56,1,0,generated
ptx|0shot|1_Square_matrix_multiplication_|Qwen/Qwen3-Coder-30B-A3B-Instruct|4,1_Square_matrix_multiplication_,Qwen/Qwen3-Coder-30B-A3B-Instruct,4,57,1,0,generated
ptx|0shot|1_Square_matrix_multiplication_|Qwen/Qwen3-Coder-30B-A3B-Instruct|4,1_Square_matrix_multiplication_,Qwen/Qwen3-Coder-30B-A3B-Instruct,4,58,1,0,generated
ptx|0shot|1_Square_matrix_multiplication_|Qwen/Qwen3-Coder-30B-A3B-Instruct|4,1_Square_matrix_multiplication_,Qwen/Qwen3-Coder-30B-A3B-Instruct,4,59,1,0,generated
ptx|0shot|1_Square_matrix_multiplication_|Qwen/Qwen3-Coder-30B-A3B-Instruct|4,1_Square_matrix_multiplication_,Qwen/Qwen3-Coder-30B-A3B-Instruct,4,60,1,0,generated
ptx|0shot|1_Square_matrix_multiplication_|Qwen/Qwen3-Coder-30B-A3B-Instruct|4,1_Square_matrix_multiplication_,Qwen/Qwen3-Coder-30B-A3B-Instruct,4,61,1,0,generated
ptx|0shot|1_Square_matrix_multiplication_|Qwen/Qwen3-Coder-30B-A3B-Instruct|4,1_Square_matrix_multiplication_,Qwen/Qwen3-Coder-30B-A3B-Instruct,4,62,1,0,generated
ptx|0shot|1_Square_matrix_multiplication_|Qwen/Qwen3-Coder-30B-A3B-Instruct|4,1_Square_matrix_multiplication_,Qwen/Qwen3-Coder-30B-A3B-Instruct,4,63,1,0,generated
ptx|0shot|1_Square_matrix_multiplication_|Qwen/Qwen3-Coder-30B-A3B-Instruct|4,1_Square_matrix_multiplication_,Qwen/Qwen3-Coder-30B-A3B-Instruct,4,64,1,0,generated
ptx|0shot|1_Square_matrix_multiplication_|Qwen/Qwen3-Coder-30B-A3B-Instruct|4,1_Square_matrix_multiplication_,Qwen/Qwen3-Coder-30B-A3B-Instruct,4,65,1,0,generated
ptx|0shot|1_Square_matrix_multiplication_|Qwen/Qwen3-Coder-30B-A3B-Instruct|4,1_Square_matrix_multiplication_,Qwen/Qwen3-Coder-30B-A3B-Instruct,4,66,1,0,generated
ptx|0shot|1_Square_matrix_multiplication_|Qwen/Qwen3-Coder-30B-A3B-Instruct|4,1_Square_matrix_multiplication_,Qwen/Qwen3-Coder-30B-A3B-Instruct,4,67,1,0,generated
ptx|0shot|1_Square_matrix_multiplication_|Qwen/Qwen3-Coder-30B-A3B-Instruct|4,1_Square_matrix_multiplication_,Qwen/Qwen3-Coder-30B-A3B-Instruct,4,68,1,0,generated
ptx|0shot|1_Square_matrix_multiplication_|Qwen/Qwen3-Coder-30B-A3B-Instruct|4,1_Square_matrix_multiplication_,Qwen/Qwen3-Coder-30B-A3B-Instruct,4,69,1,0,generated
ptx|0shot|1_Square_matrix_multiplication_|Qwen/Qwen3-Coder-30B-A3B-Instruct|4,1_Square_matrix_multiplication_,Qwen/Qwen3-Coder-30B-A3B-Instruct,4,70,1,0,generated
ptx|0shot|1_Square_matrix_multiplication_|Qwen/Qwen3-Coder-30B-A3B-Instruct|4,1_Square_matrix_multiplication_,Qwen/Qwen3-Coder-30B-A3B-Instruct,4,71,1,0,generated
ptx|0shot|1_Square_matrix_multiplication_|Qwen/Qwen3-Coder-30B-A3B-Instruct|4,1_Square_matrix_multiplication_,Qwen/Qwen3-Coder-30B-A3B-Instruct,4,72,1,0,generated
ptx|0shot|1_Square_matrix_multiplication_|Qwen/Qwen3-Coder-30B-A3B-Instruct|4,1_Square_matrix_multiplication_,Qwen/Qwen3-Coder-30B-A3B-Instruct,4,73,1,0,generated
ptx|0shot|1_Square_matrix_multiplication_|Qwen/Qwen3-Coder-30B-A3B-Instruct|4,1_Square_matrix_multiplication_,Qwen/Qwen3-Coder-30B-A3B-Instruct,4,74,1,0,generated
ptx|0shot|1_Square_matrix_multiplication_|Qwen/Qwen3-Coder-30B-A3B-Instruct|4,1_Square_matrix_multiplication_,Qwen/Qwen3-Coder-30B-A3B-Instruct,4,75,1,0,generated
ptx|0shot|1_Square_matrix_multiplication_|Qwen/Qwen3-Coder-30B-A3B-Instruct|4,1_Square_matrix_multiplication_,Qwen/Qwen3-Coder-30B-A3B-Instruct,4,76,1,0,generated
ptx|0shot|1_Square_matrix_multiplication_|Qwen/Qwen3-Coder-30B-A3B-Instruct|4,1_Square_matrix_multiplication_,Qwen/Qwen3-Coder-30B-A3B-Instruct,4,77,1,0,generated
ptx|0shot|1_Square_matrix_multiplication_|Qwen/Qwen3-Coder-30B-A3B-Instruct|4,1_Square_matrix_multiplication_,Qwen/Qwen3-Coder-30B-A3B-Instruct,4,78,1,0,generated
ptx|0shot|1_Square_matrix_multiplication_|Qwen/Qwen3-Coder-30B-A3B-Instruct|4,1_Square_matrix_multiplication_,Qwen/Qwen3-Coder-30B-A3B-Instruct,4,79,1,0,generated
ptx|0shot|1_Square_matrix_multiplication_|Qwen/Qwen3-Coder-30B-A3B-Instruct|4,1_Square_matrix_multiplication_,Qwen/Qwen3-Coder-30B-A3B-Instruct,4,80,1,0,generated
ptx|0shot|1_Square_matrix_multiplication_|Qwen/Qwen3-Coder-30B-A3B-Instruct|4,1_Square_matrix_multiplication_,Qwen/Qwen3-Coder-30B-A3B-Instruct,4,81,1,0,generated
ptx|0shot|1_Square_matrix_multiplication_|Qwen/Qwen3-Coder-30B-A3B-Instruct|4,1_Square_matrix_multiplication_,Qwen/Qwen3-Coder-30B-A3B-Instruct,4,82,1,0,generated
ptx|0shot|1_Square_matrix_multiplication_|Qwen/Qwen3-Coder-30B-A3B-Instruct|4,1_Square_matrix_multiplication_,Qwen/Qwen3-Coder-30B-A3B-Instruct,4,83,1,0,generated
ptx|0shot|1_Square_matrix_multiplication_|Qwen/Qwen3-Coder-30B-A3B-Instruct|4,1_Square_matrix_multiplication_,Qwen/Qwen3-Coder-30B-A3B-Instruct,4,84,1,0,generated
ptx|0shot|1_Square_matrix_multiplication_|Qwen/Qwen3-Coder-30B-A3B-Instruct|4,1_Square_matrix_multiplication_,Qwen/Qwen3-Coder-30B-A3B-Instruct,4,85,1,0,generated
ptx|0shot|1_Square_matrix_multiplication_|Qwen/Qwen3-Coder-30B-A3B-Instruct|4,1_Square_matrix_multiplication_,Qwen/Qwen3-Coder-30B-A3B-Instruct,4,86,1,0,generated
ptx|0shot|1_Square_matrix_multiplication_|Qwen/Qwen3-Coder-30B-A3B-Instruct|4,1_Square_matrix_multiplication_,Qwen/Qwen3-Coder-30B-A3B-Instruct,4,87,1,0,generated
ptx|0shot|1_Square_matrix_multiplication_|Qwen/Qwen3-Coder-30B-A3B-Instruct|4,1_Square_matrix_multiplication_,Qwen/Qwen3-Coder-30B-A3B-Instruct,4,88,1,0,generated
ptx|0shot|1_Square_matrix_multiplication_|Qwen/Qwen3-Coder-30B-A3B-Instruct|4,1_Square_matrix_multiplication_,Qwen/Qwen3-Coder-30B-A3B-Instruct,4,89,1,0,generated
ptx|0shot|1_Square_matrix_multiplication_|Qwen/Qwen3-Coder-30B-A3B-Instruct|4,1_Square_matrix_multiplication_,Qwen/Qwen3-Coder-30B-A3B-Instruct,4,90,1,0,generated
ptx|0shot|1_Square_matrix_multiplication_|Qwen/Qwen3-Coder-30B-A3B-Instruct|4,1_Square_matrix_multiplication_,Qwen/Qwen3-Coder-30B-A3B-Instruct,4,91,1,0,generated
ptx|0shot|1_Square_matrix_multiplication_|Qwen/Qwen3-Coder-30B-A3B-Instruct|4,1_Square_matrix_multiplication_,Qwen/Qwen3-Coder-30B-A3B-Instruct,4,92,1,0,generated
ptx|0shot|1_Square_matrix_multiplication_|Qwen/Qwen3-Coder-30B-A3B-Instruct|4,1_Square_matrix_multiplication_,Qwen/Qwen3-Coder-30B-A3B-Instruct,4,93,1,0,generated
ptx|0shot|1_Square_matrix_multiplication_|Qwen/Qwen3-Coder-30B-A3B-Instruct|4,1_Square_matrix_multiplication_,Qwen/Qwen3-Coder-30B-A3B-Instruct,4,94,1,0,generated
ptx|0shot|1_Square_matrix_multiplication_|Qwen/Qwen3-Coder-30B-A3B-Instruct|4,1_Square_matrix_multiplication_,Qwen/Qwen3-Coder-30B-A3B-Instruct,4,95,1,0,generated
ptx|0shot|1_Square_matrix_multiplication_|Qwen/Qwen3-Coder-30B-A3B-Instruct|4,1_Square_matrix_multiplication_,Qwen/Qwen3-Coder-30B-A3B-Instruct,4,96,1,0,generated
ptx|0shot|1_Square_matrix_multiplication_|Qwen/Qwen3-Coder-30B-A3B-Instruct|4,1_Square_matrix_multiplication_,Qwen/Qwen3-Coder-30B-A3B-Instruct,4,97,1,0,generated
ptx|0shot|1_Square_matrix_multiplication_|Qwen/Qwen3-Coder-30B-A3B-Instruct|4,1_Square_matrix_multiplication_,Qwen/Qwen3-Coder-30B-A3B-Instruct,4,98,1,0,generated
ptx|0shot|1_Square_matrix_multiplication_|Qwen/Qwen3-Coder-30B-A3B-Instruct|4,1_Square_matrix_multiplication_,Qwen/Qwen3-Coder-30B-A3B-Instruct,4,99,1,0,generated
ptx|0shot|1_Square_matrix_multiplication_|Qwen/Qwen3-Coder-30B-A3B-Instruct|4,1_Square_matrix_multiplication_,Qwen/Qwen3-Coder-30B-A3B-Instruct,4,100,1,0,generated
ptx|0shot|1_Square_matrix_multiplication_|openai/gpt-oss-120b|0,1_Square_matrix_multiplication_,openai/gpt-oss-120b,0,1,1,0,generated
ptx|0shot|1_Square_matrix_multiplication_|openai/gpt-oss-120b|0,1_Square_matrix_multiplication_,openai/gpt-oss-120b,0,2,1,0,generated
ptx|0shot|1_Square_matrix_multiplication_|openai/gpt-oss-120b|0,1_Square_matrix_multiplication_,openai/gpt-oss-120b,0,3,1,0,generated
ptx|0shot|1_Square_matrix_multiplication_|openai/gpt-oss-120b|0,1_Square_matrix_multiplication_,openai/gpt-oss-120b,0,4,1,0,generated
ptx|0shot|1_Square_matrix_multiplication_|openai/gpt-oss-120b|0,1_Square_matrix_multiplication_,openai/gpt-oss-120b,0,5,1,0,generated
ptx|0shot|1_Square_matrix_multiplication_|openai/gpt-oss-120b|0,1_Square_matrix_multiplication_,openai/gpt-oss-120b,0,6,1,0,generated
ptx|0shot|1_Square_matrix_multiplication_|openai/gpt-oss-120b|0,1_Square_matrix_multiplication_,openai/gpt-oss-120b,0,7,1,0,generated
ptx|0shot|1_Square_matrix_multiplication_|openai/gpt-oss-120b|0,1_Square_matrix_multiplication_,openai/gpt-oss-120b,0,8,1,0,generated
ptx|0shot|1_Square_matrix_multiplication_|openai/gpt-oss-120b|0,1_Square_matrix_multiplication_,openai/gpt-oss-120b,0,9,1,0,generated
ptx|0shot|1_Square_matrix_multiplication_|openai/gpt-oss-120b|0,1_Square_matrix_multiplication_,openai/gpt-oss-120b,0,10,1,0,generated
ptx|0shot|1_Square_matrix_multiplication_|openai/gpt-oss-120b|0,1_Square_matrix_multiplication_,openai/gpt-oss-120b,0,11,1,0,generated
ptx|0shot|1_Square_matrix_multiplication_|openai/gpt-oss-120b|0,1_Square_matrix_multiplication_,openai/gpt-oss-120b,0,12,1,0,generated
ptx|0shot|1_Square_matrix_multiplication_|openai/gpt-oss-120b|0,1_Square_matrix_multiplication_,openai/gpt-oss-120b,0,13,1,0,generated
ptx|0shot|1_Square_matrix_multiplication_|openai/gpt-oss-120b|0,1_Square_matrix_multiplication_,openai/gpt-oss-120b,0,14,1,0,generated
ptx|0shot|1_Square_matrix_multiplication_|openai/gpt-oss-120b|0,1_Square_matrix_multiplication_,openai/gpt-oss-120b,0,15,1,0,generated
ptx|0shot|1_Square_matrix_multiplication_|openai/gpt-oss-120b|0,1_Square_matrix_multiplication_,openai/gpt-oss-120b,0,16,1,0,generated
ptx|0shot|1_Square_matrix_multiplication_|openai/gpt-oss-120b|0,1_Square_matrix_multiplication_,openai/gpt-oss-120b,0,17,1,0,generated
ptx|0shot|1_Square_matrix_multiplication_|openai/gpt-oss-120b|0,1_Square_matrix_multiplication_,openai/gpt-oss-120b,0,18,1,0,generated
ptx|0shot|1_Square_matrix_multiplication_|openai/gpt-oss-120b|0,1_Square_matrix_multiplication_,openai/gpt-oss-120b,0,19,1,0,generated
ptx|0shot|1_Square_matrix_multiplication_|openai/gpt-oss-120b|0,1_Square_matrix_multiplication_,openai/gpt-oss-120b,0,20,1,0,generated
ptx|0shot|1_Square_matrix_multiplication_|openai/gpt-oss-120b|0,1_Square_matrix_multiplication_,openai/gpt-oss-120b,0,21,1,0,generated
ptx|0shot|1_Square_matrix_multiplication_|openai/gpt-oss-120b|0,1_Square_matrix_multiplication_,openai/gpt-oss-120b,0,22,1,0,generated
ptx|0shot|1_Square_matrix_multiplication_|openai/gpt-oss-120b|0,1_Square_matrix_multiplication_,openai/gpt-oss-120b,0,23,1,0,generated
ptx|0shot|1_Square_matrix_multiplication_|openai/gpt-oss-120b|0,1_Square_matrix_multiplication_,openai/gpt-oss-120b,0,24,1,0,generated
ptx|0shot|1_Square_matrix_multiplication_|openai/gpt-oss-120b|0,1_Square_matrix_multiplication_,openai/gpt-oss-120b,0,25,1,0,generated
ptx|0shot|1_Square_matrix_multiplication_|openai/gpt-oss-120b|0,1_Square_matrix_multiplication_,openai/gpt-oss-120b,0,26,1,0,generated
ptx|0shot|1_Square_matrix_multiplication_|openai/gpt-oss-120b|0,1_Square_matrix_multiplication_,openai/gpt-oss-120b,0,27,1,0,generated
ptx|0shot|1_Square_matrix_multiplication_|openai/gpt-oss-120b|0,1_Square_matrix_multiplication_,openai/gpt-oss-120b,0,28,1,0,generated
ptx|0shot|1_Square_matrix_multiplication_|openai/gpt-oss-120b|0,1_Square_matrix_multiplication_,openai/gpt-oss-120b,0,29,1,0,generated
ptx|0shot|1_Square_matrix_multiplication_|openai/gpt-oss-120b|0,1_Square_matrix_multiplication_,openai/gpt-oss-120b,0,30,1,0,generated
ptx|0shot|1_Square_matrix_multiplication_|openai/gpt-oss-120b|0,1_Square_matrix_multiplication_,openai/gpt-oss-120b,0,31,1,0,generated
ptx|0shot|1_Square_matrix_multiplication_|openai/gpt-oss-120b|0,1_Square_matrix_multiplication_,openai/gpt-oss-120b,0,32,1,0,generated
ptx|0shot|1_Square_matrix_multiplication_|openai/gpt-oss-120b|0,1_Square_matrix_multiplication_,openai/gpt-oss-120b,0,33,1,0,generated
ptx|0shot|1_Square_matrix_multiplication_|openai/gpt-oss-120b|0,1_Square_matrix_multiplication_,openai/gpt-oss-120b,0,34,1,0,generated
ptx|0shot|1_Square_matrix_multiplication_|openai/gpt-oss-120b|0,1_Square_matrix_multiplication_,openai/gpt-oss-120b,0,35,1,0,generated
ptx|0shot|1_Square_matrix_multiplication_|openai/gpt-oss-120b|0,1_Square_matrix_multiplication_,openai/gpt-oss-120b,0,36,1,0,generated
ptx|0shot|1_Square_matrix_multiplication_|openai/gpt-oss-120b|0,1_Square_matrix_multiplication_,openai/gpt-oss-120b,0,37,1,0,generated
ptx|0shot|1_Square_matrix_multiplication_|openai/gpt-oss-120b|0,1_Square_matrix_multiplication_,openai/gpt-oss-120b,0,38,1,0,generated
ptx|0shot|1_Square_matrix_multiplication_|openai/gpt-oss-120b|0,1_Square_matrix_multiplication_,openai/gpt-oss-120b,0,39,1,0,generated
ptx|0shot|1_Square_matrix_multiplication_|openai/gpt-oss-120b|0,1_Square_matrix_multiplication_,openai/gpt-oss-120b,0,40,1,0,generated
ptx|0shot|1_Square_matrix_multiplication_|openai/gpt-oss-120b|0,1_Square_matrix_multiplication_,openai/gpt-oss-120b,0,41,1,0,generated
ptx|0shot|1_Square_matrix_multiplication_|openai/gpt-oss-120b|0,1_Square_matrix_multiplication_,openai/gpt-oss-120b,0,42,1,0,generated
ptx|0shot|1_Square_matrix_multiplication_|openai/gpt-oss-120b|0,1_Square_matrix_multiplication_,openai/gpt-oss-120b,0,43,1,0,generated
ptx|0shot|1_Square_matrix_multiplication_|openai/gpt-oss-120b|0,1_Square_matrix_multiplication_,openai/gpt-oss-120b,0,44,1,0,generated
ptx|0shot|1_Square_matrix_multiplication_|openai/gpt-oss-120b|0,1_Square_matrix_multiplication_,openai/gpt-oss-120b,0,45,1,0,generated
ptx|0shot|1_Square_matrix_multiplication_|openai/gpt-oss-120b|0,1_Square_matrix_multiplication_,openai/gpt-oss-120b,0,46,1,0,generated
ptx|0shot|1_Square_matrix_multiplication_|openai/gpt-oss-120b|0,1_Square_matrix_multiplication_,openai/gpt-oss-120b,0,47,1,0,generated
ptx|0shot|1_Square_matrix_multiplication_|openai/gpt-oss-120b|0,1_Square_matrix_multiplication_,openai/gpt-oss-120b,0,48,1,0,generated
ptx|0shot|1_Square_matrix_multiplication_|openai/gpt-oss-120b|0,1_Square_matrix_multiplication_,openai/gpt-oss-120b,0,49,1,0,generated
ptx|0shot|1_Square_matrix_multiplication_|openai/gpt-oss-120b|0,1_Square_matrix_multiplication_,openai/gpt-oss-120b,0,50,1,0,generated
ptx|0shot|1_Square_matrix_multiplication_|openai/gpt-oss-120b|0,1_Square_matrix_multiplication_,openai/gpt-oss-120b,0,51,1,0,generated
ptx|0shot|1_Square_matrix_multiplication_|openai/gpt-oss-120b|0,1_Square_matrix_multiplication_,openai/gpt-oss-120b,0,52,1,0,generated
ptx|0shot|1_Square_matrix_multiplication_|openai/gpt-oss-120b|0,1_Square_matrix_multiplication_,openai/gpt-oss-120b,0,53,1,0,generated
ptx|0shot|1_Square_matrix_multiplication_|openai/gpt-oss-120b|0,1_Square_matrix_multiplication_,openai/gpt-oss-120b,0,54,1,0,generated
ptx|0shot|1_Square_matrix_multiplication_|openai/gpt-oss-120b|0,1_Square_matrix_multiplication_,openai/gpt-oss-120b,0,55,1,0,generated
ptx|0shot|1_Square_matrix_multiplication_|openai/gpt-oss-120b|0,1_Square_matrix_multiplication_,openai/gpt-oss-120b,0,56,1,0,generated
ptx|0shot|1_Square_matrix_multiplication_|openai/gpt-oss-120b|0,1_Square_matrix_multiplication_,openai/gpt-oss-120b,0,57,1,0,generated
ptx|0shot|1_Square_matrix_multiplication_|openai/gpt-oss-120b|0,1_Square_matrix_multiplication_,openai/gpt-oss-120b,0,58,1,0,generated
ptx|0shot|1_Square_matrix_multiplication_|openai/gpt-oss-120b|0,1_Square_matrix_multiplication_,openai/gpt-oss-120b,0,59,1,0,generated
ptx|0shot|1_Square_matrix_multiplication_|openai/gpt-oss-120b|0,1_Square_matrix_multiplication_,openai/gpt-oss-120b,0,60,1,0,generated
ptx|0shot|1_Square_matrix_multiplication_|openai/gpt-oss-120b|0,1_Square_matrix_multiplication_,openai/gpt-oss-120b,0,61,1,0,generated
ptx|0shot|1_Square_matrix_multiplication_|openai/gpt-oss-120b|0,1_Square_matrix_multiplication_,openai/gpt-oss-120b,0,62,1,0,generated
ptx|0shot|1_Square_matrix_multiplication_|openai/gpt-oss-120b|0,1_Square_matrix_multiplication_,openai/gpt-oss-120b,0,63,1,0,generated
ptx|0shot|1_Square_matrix_multiplication_|openai/gpt-oss-120b|0,1_Square_matrix_multiplication_,openai/gpt-oss-120b,0,64,1,0,generated
ptx|0shot|1_Square_matrix_multiplication_|openai/gpt-oss-120b|0,1_Square_matrix_multiplication_,openai/gpt-oss-120b,0,65,1,0,generated
ptx|0shot|1_Square_matrix_multiplication_|openai/gpt-oss-120b|0,1_Square_matrix_multiplication_,openai/gpt-oss-120b,0,66,1,0,generated
ptx|0shot|1_Square_matrix_multiplication_|openai/gpt-oss-120b|0,1_Square_matrix_multiplication_,openai/gpt-oss-120b,0,67,1,0,generated
ptx|0shot|1_Square_matrix_multiplication_|openai/gpt-oss-120b|0,1_Square_matrix_multiplication_,openai/gpt-oss-120b,0,68,0,0,generated
ptx|0shot|1_Square_matrix_multiplication_|openai/gpt-oss-120b|0,1_Square_matrix_multiplication_,openai/gpt-oss-120b,0,69,1,0,generated
ptx|0shot|1_Square_matrix_multiplication_|openai/gpt-oss-120b|0,1_Square_matrix_multiplication_,openai/gpt-oss-120b,0,70,0,0,generated
ptx|0shot|1_Square_matrix_multiplication_|openai/gpt-oss-120b|0,1_Square_matrix_multiplication_,openai/gpt-oss-120b,0,71,1,0,generated
ptx|0shot|1_Square_matrix_multiplication_|openai/gpt-oss-120b|0,1_Square_matrix_multiplication_,openai/gpt-oss-120b,0,72,0,0,generated
ptx|0shot|1_Square_matrix_multiplication_|openai/gpt-oss-120b|0,1_Square_matrix_multiplication_,openai/gpt-oss-120b,0,73,1,0,generated
ptx|0shot|1_Square_matrix_multiplication_|openai/gpt-oss-120b|0,1_Square_matrix_multiplication_,openai/gpt-oss-120b,0,74,0,0,generated
ptx|0shot|1_Square_matrix_multiplication_|openai/gpt-oss-120b|0,1_Square_matrix_multiplication_,openai/gpt-oss-120b,0,75,1,0,generated
ptx|0shot|1_Square_matrix_multiplication_|openai/gpt-oss-120b|0,1_Square_matrix_multiplication_,openai/gpt-oss-120b,0,76,1,0,generated
ptx|0shot|1_Square_matrix_multiplication_|openai/gpt-oss-120b|0,1_Square_matrix_multiplication_,openai/gpt-oss-120b,0,77,1,0,generated
ptx|0shot|1_Square_matrix_multiplication_|openai/gpt-oss-120b|0,1_Square_matrix_multiplication_,openai/gpt-oss-120b,0,78,1,0,generated
ptx|0shot|1_Square_matrix_multiplication_|openai/gpt-oss-120b|0,1_Square_matrix_multiplication_,openai/gpt-oss-120b,0,79,0,0,generated
ptx|0shot|1_Square_matrix_multiplication_|openai/gpt-oss-120b|0,1_Square_matrix_multiplication_,openai/gpt-oss-120b,0,80,1,0,generated
ptx|0shot|1_Square_matrix_multiplication_|openai/gpt-oss-120b|0,1_Square_matrix_multiplication_,openai/gpt-oss-120b,0,81,0,0,generated
ptx|0shot|1_Square_matrix_multiplication_|openai/gpt-oss-120b|0,1_Square_matrix_multiplication_,openai/gpt-oss-120b,0,82,1,0,generated
ptx|0shot|1_Square_matrix_multiplication_|openai/gpt-oss-120b|0,1_Square_matrix_multiplication_,openai/gpt-oss-120b,0,83,0,0,generated
ptx|0shot|1_Square_matrix_multiplication_|openai/gpt-oss-120b|0,1_Square_matrix_multiplication_,openai/gpt-oss-120b,0,84,1,0,generated
ptx|0shot|1_Square_matrix_multiplication_|openai/gpt-oss-120b|0,1_Square_matrix_multiplication_,openai/gpt-oss-120b,0,85,1,0,generated
ptx|0shot|1_Square_matrix_multiplication_|openai/gpt-oss-120b|0,1_Square_matrix_multiplication_,openai/gpt-oss-120b,0,86,1,0,generated
ptx|0shot|1_Square_matrix_multiplication_|openai/gpt-oss-120b|0,1_Square_matrix_multiplication_,openai/gpt-oss-120b,0,87,1,0,generated
ptx|0shot|1_Square_matrix_multiplication_|openai/gpt-oss-120b|0,1_Square_matrix_multiplication_,openai/gpt-oss-120b,0,88,1,0,generated
ptx|0shot|1_Square_matrix_multiplication_|openai/gpt-oss-120b|0,1_Square_matrix_multiplication_,openai/gpt-oss-120b,0,89,1,0,generated
ptx|0shot|1_Square_matrix_multiplication_|openai/gpt-oss-120b|0,1_Square_matrix_multiplication_,openai/gpt-oss-120b,0,90,1,0,generated
ptx|0shot|1_Square_matrix_multiplication_|openai/gpt-oss-120b|0,1_Square_matrix_multiplication_,openai/gpt-oss-120b,0,91,1,0,generated
ptx|0shot|1_Square_matrix_multiplication_|openai/gpt-oss-120b|0,1_Square_matrix_multiplication_,openai/gpt-oss-120b,0,92,1,0,generated
ptx|0shot|1_Square_matrix_multiplication_|openai/gpt-oss-120b|0,1_Square_matrix_multiplication_,openai/gpt-oss-120b,0,93,1,0,generated
ptx|0shot|1_Square_matrix_multiplication_|openai/gpt-oss-120b|0,1_Square_matrix_multiplication_,openai/gpt-oss-120b,0,94,1,0,generated
ptx|0shot|1_Square_matrix_multiplication_|openai/gpt-oss-120b|0,1_Square_matrix_multiplication_,openai/gpt-oss-120b,0,95,1,0,generated
ptx|0shot|1_Square_matrix_multiplication_|openai/gpt-oss-120b|0,1_Square_matrix_multiplication_,openai/gpt-oss-120b,0,96,1,0,generated
ptx|0shot|1_Square_matrix_multiplication_|openai/gpt-oss-120b|0,1_Square_matrix_multiplication_,openai/gpt-oss-120b,0,97,1,0,generated
ptx|0shot|1_Square_matrix_multiplication_|openai/gpt-oss-120b|0,1_Square_matrix_multiplication_,openai/gpt-oss-120b,0,98,1,0,generated
ptx|0shot|1_Square_matrix_multiplication_|openai/gpt-oss-120b|0,1_Square_matrix_multiplication_,openai/gpt-oss-120b,0,99,1,0,generated
ptx|0shot|1_Square_matrix_multiplication_|openai/gpt-oss-120b|0,1_Square_matrix_multiplication_,openai/gpt-oss-120b,0,100,1,0,generated
ptx|0shot|1_Square_matrix_multiplication_|openai/gpt-oss-120b|1,1_Square_matrix_multiplication_,openai/gpt-oss-120b,1,1,1,0,generated
ptx|0shot|1_Square_matrix_multiplication_|openai/gpt-oss-120b|1,1_Square_matrix_multiplication_,openai/gpt-oss-120b,1,2,1,0,generated
ptx|0shot|1_Square_matrix_multiplication_|openai/gpt-oss-120b|1,1_Square_matrix_multiplication_,openai/gpt-oss-120b,1,3,1,0,generated
ptx|0shot|1_Square_matrix_multiplication_|openai/gpt-oss-120b|1,1_Square_matrix_multiplication_,openai/gpt-oss-120b,1,4,1,0,generated
ptx|0shot|1_Square_matrix_multiplication_|openai/gpt-oss-120b|1,1_Square_matrix_multiplication_,openai/gpt-oss-120b,1,5,1,0,generated
ptx|0shot|1_Square_matrix_multiplication_|openai/gpt-oss-120b|1,1_Square_matrix_multiplication_,openai/gpt-oss-120b,1,6,1,0,generated
ptx|0shot|1_Square_matrix_multiplication_|openai/gpt-oss-120b|1,1_Square_matrix_multiplication_,openai/gpt-oss-120b,1,7,1,0,generated
ptx|0shot|1_Square_matrix_multiplication_|openai/gpt-oss-120b|1,1_Square_matrix_multiplication_,openai/gpt-oss-120b,1,8,1,0,generated
ptx|0shot|1_Square_matrix_multiplication_|openai/gpt-oss-120b|1,1_Square_matrix_multiplication_,openai/gpt-oss-120b,1,9,1,0,generated
ptx|0shot|1_Square_matrix_multiplication_|openai/gpt-oss-120b|1,1_Square_matrix_multiplication_,openai/gpt-oss-120b,1,10,1,0,generated
ptx|0shot|1_Square_matrix_multiplication_|openai/gpt-oss-120b|1,1_Square_matrix_multiplication_,openai/gpt-oss-120b,1,11,1,0,generated
ptx|0shot|1_Square_matrix_multiplication_|openai/gpt-oss-120b|1,1_Square_matrix_multiplication_,openai/gpt-oss-120b,1,12,1,0,generated
ptx|0shot|1_Square_matrix_multiplication_|openai/gpt-oss-120b|1,1_Square_matrix_multiplication_,openai/gpt-oss-120b,1,13,1,0,generated
ptx|0shot|1_Square_matrix_multiplication_|openai/gpt-oss-120b|1,1_Square_matrix_multiplication_,openai/gpt-oss-120b,1,14,1,0,generated
ptx|0shot|1_Square_matrix_multiplication_|openai/gpt-oss-120b|1,1_Square_matrix_multiplication_,openai/gpt-oss-120b,1,15,1,0,generated
ptx|0shot|1_Square_matrix_multiplication_|openai/gpt-oss-120b|1,1_Square_matrix_multiplication_,openai/gpt-oss-120b,1,16,1,0,generated
ptx|0shot|1_Square_matrix_multiplication_|openai/gpt-oss-120b|1,1_Square_matrix_multiplication_,openai/gpt-oss-120b,1,17,1,0,generated
ptx|0shot|1_Square_matrix_multiplication_|openai/gpt-oss-120b|1,1_Square_matrix_multiplication_,openai/gpt-oss-120b,1,18,1,0,generated
ptx|0shot|1_Square_matrix_multiplication_|openai/gpt-oss-120b|1,1_Square_matrix_multiplication_,openai/gpt-oss-120b,1,19,1,0,generated
ptx|0shot|1_Square_matrix_multiplication_|openai/gpt-oss-120b|1,1_Square_matrix_multiplication_,openai/gpt-oss-120b,1,20,1,0,generated
ptx|0shot|1_Square_matrix_multiplication_|openai/gpt-oss-120b|1,1_Square_matrix_multiplication_,openai/gpt-oss-120b,1,21,1,0,generated
ptx|0shot|1_Square_matrix_multiplication_|openai/gpt-oss-120b|1,1_Square_matrix_multiplication_,openai/gpt-oss-120b,1,22,1,0,generated
ptx|0shot|1_Square_matrix_multiplication_|openai/gpt-oss-120b|1,1_Square_matrix_multiplication_,openai/gpt-oss-120b,1,23,1,0,generated
ptx|0shot|1_Square_matrix_multiplication_|openai/gpt-oss-120b|1,1_Square_matrix_multiplication_,openai/gpt-oss-120b,1,24,1,0,generated
ptx|0shot|1_Square_matrix_multiplication_|openai/gpt-oss-120b|1,1_Square_matrix_multiplication_,openai/gpt-oss-120b,1,25,1,0,generated
ptx|0shot|1_Square_matrix_multiplication_|openai/gpt-oss-120b|1,1_Square_matrix_multiplication_,openai/gpt-oss-120b,1,26,1,0,generated
ptx|0shot|1_Square_matrix_multiplication_|openai/gpt-oss-120b|1,1_Square_matrix_multiplication_,openai/gpt-oss-120b,1,27,1,0,generated
ptx|0shot|1_Square_matrix_multiplication_|openai/gpt-oss-120b|1,1_Square_matrix_multiplication_,openai/gpt-oss-120b,1,28,1,0,generated
ptx|0shot|1_Square_matrix_multiplication_|openai/gpt-oss-120b|1,1_Square_matrix_multiplication_,openai/gpt-oss-120b,1,29,1,0,generated
ptx|0shot|1_Square_matrix_multiplication_|openai/gpt-oss-120b|1,1_Square_matrix_multiplication_,openai/gpt-oss-120b,1,30,1,0,generated
ptx|0shot|1_Square_matrix_multiplication_|openai/gpt-oss-120b|1,1_Square_matrix_multiplication_,openai/gpt-oss-120b,1,31,1,0,generated
ptx|0shot|1_Square_matrix_multiplication_|openai/gpt-oss-120b|1,1_Square_matrix_multiplication_,openai/gpt-oss-120b,1,32,1,0,generated
ptx|0shot|1_Square_matrix_multiplication_|openai/gpt-oss-120b|1,1_Square_matrix_multiplication_,openai/gpt-oss-120b,1,33,1,0,generated
ptx|0shot|1_Square_matrix_multiplication_|openai/gpt-oss-120b|1,1_Square_matrix_multiplication_,openai/gpt-oss-120b,1,34,1,0,generated
ptx|0shot|1_Square_matrix_multiplication_|openai/gpt-oss-120b|1,1_Square_matrix_multiplication_,openai/gpt-oss-120b,1,35,1,0,generated
ptx|0shot|1_Square_matrix_multiplication_|openai/gpt-oss-120b|1,1_Square_matrix_multiplication_,openai/gpt-oss-120b,1,36,1,0,generated
ptx|0shot|1_Square_matrix_multiplication_|openai/gpt-oss-120b|1,1_Square_matrix_multiplication_,openai/gpt-oss-120b,1,37,1,0,generated
ptx|0shot|1_Square_matrix_multiplication_|openai/gpt-oss-120b|1,1_Square_matrix_multiplication_,openai/gpt-oss-120b,1,38,1,0,generated
ptx|0shot|1_Square_matrix_multiplication_|openai/gpt-oss-120b|1,1_Square_matrix_multiplication_,openai/gpt-oss-120b,1,39,1,0,generated
ptx|0shot|1_Square_matrix_multiplication_|openai/gpt-oss-120b|1,1_Square_matrix_multiplication_,openai/gpt-oss-120b,1,40,1,0,generated
ptx|0shot|1_Square_matrix_multiplication_|openai/gpt-oss-120b|1,1_Square_matrix_multiplication_,openai/gpt-oss-120b,1,41,1,0,generated
ptx|0shot|1_Square_matrix_multiplication_|openai/gpt-oss-120b|1,1_Square_matrix_multiplication_,openai/gpt-oss-120b,1,42,1,0,generated
ptx|0shot|1_Square_matrix_multiplication_|openai/gpt-oss-120b|1,1_Square_matrix_multiplication_,openai/gpt-oss-120b,1,43,1,0,generated
ptx|0shot|1_Square_matrix_multiplication_|openai/gpt-oss-120b|1,1_Square_matrix_multiplication_,openai/gpt-oss-120b,1,44,1,0,generated
ptx|0shot|1_Square_matrix_multiplication_|openai/gpt-oss-120b|1,1_Square_matrix_multiplication_,openai/gpt-oss-120b,1,45,1,0,generated
ptx|0shot|1_Square_matrix_multiplication_|openai/gpt-oss-120b|1,1_Square_matrix_multiplication_,openai/gpt-oss-120b,1,46,1,0,generated
ptx|0shot|1_Square_matrix_multiplication_|openai/gpt-oss-120b|1,1_Square_matrix_multiplication_,openai/gpt-oss-120b,1,47,1,0,generated
ptx|0shot|1_Square_matrix_multiplication_|openai/gpt-oss-120b|1,1_Square_matrix_multiplication_,openai/gpt-oss-120b,1,48,1,0,generated
ptx|0shot|1_Square_matrix_multiplication_|openai/gpt-oss-120b|1,1_Square_matrix_multiplication_,openai/gpt-oss-120b,1,49,1,0,generated
ptx|0shot|1_Square_matrix_multiplication_|openai/gpt-oss-120b|1,1_Square_matrix_multiplication_,openai/gpt-oss-120b,1,50,1,0,generated
ptx|0shot|1_Square_matrix_multiplication_|openai/gpt-oss-120b|1,1_Square_matrix_multiplication_,openai/gpt-oss-120b,1,51,1,0,generated
ptx|0shot|1_Square_matrix_multiplication_|openai/gpt-oss-120b|1,1_Square_matrix_multiplication_,openai/gpt-oss-120b,1,52,1,0,generated
ptx|0shot|1_Square_matrix_multiplication_|openai/gpt-oss-120b|1,1_Square_matrix_multiplication_,openai/gpt-oss-120b,1,53,1,0,generated
ptx|0shot|1_Square_matrix_multiplication_|openai/gpt-oss-120b|1,1_Square_matrix_multiplication_,openai/gpt-oss-120b,1,54,1,0,generated
ptx|0shot|1_Square_matrix_multiplication_|openai/gpt-oss-120b|1,1_Square_matrix_multiplication_,openai/gpt-oss-120b,1,55,1,0,generated
ptx|0shot|1_Square_matrix_multiplication_|openai/gpt-oss-120b|1,1_Square_matrix_multiplication_,openai/gpt-oss-120b,1,56,1,0,generated
ptx|0shot|1_Square_matrix_multiplication_|openai/gpt-oss-120b|1,1_Square_matrix_multiplication_,openai/gpt-oss-120b,1,57,1,0,generated
ptx|0shot|1_Square_matrix_multiplication_|openai/gpt-oss-120b|1,1_Square_matrix_multiplication_,openai/gpt-oss-120b,1,58,1,0,generated
ptx|0shot|1_Square_matrix_multiplication_|openai/gpt-oss-120b|1,1_Square_matrix_multiplication_,openai/gpt-oss-120b,1,59,1,0,generated
ptx|0shot|1_Square_matrix_multiplication_|openai/gpt-oss-120b|1,1_Square_matrix_multiplication_,openai/gpt-oss-120b,1,60,1,0,generated
ptx|0shot|1_Square_matrix_multiplication_|openai/gpt-oss-120b|1,1_Square_matrix_multiplication_,openai/gpt-oss-120b,1,61,1,0,generated
ptx|0shot|1_Square_matrix_multiplication_|openai/gpt-oss-120b|1,1_Square_matrix_multiplication_,openai/gpt-oss-120b,1,62,1,0,generated
ptx|0shot|1_Square_matrix_multiplication_|openai/gpt-oss-120b|1,1_Square_matrix_multiplication_,openai/gpt-oss-120b,1,63,1,0,generated
ptx|0shot|1_Square_matrix_multiplication_|openai/gpt-oss-120b|1,1_Square_matrix_multiplication_,openai/gpt-oss-120b,1,64,1,0,generated
ptx|0shot|1_Square_matrix_multiplication_|openai/gpt-oss-120b|1,1_Square_matrix_multiplication_,openai/gpt-oss-120b,1,65,1,0,generated
ptx|0shot|1_Square_matrix_multiplication_|openai/gpt-oss-120b|1,1_Square_matrix_multiplication_,openai/gpt-oss-120b,1,66,1,0,generated
ptx|0shot|1_Square_matrix_multiplication_|openai/gpt-oss-120b|1,1_Square_matrix_multiplication_,openai/gpt-oss-120b,1,67,1,0,generated
ptx|0shot|1_Square_matrix_multiplication_|openai/gpt-oss-120b|1,1_Square_matrix_multiplication_,openai/gpt-oss-120b,1,68,1,0,generated
ptx|0shot|1_Square_matrix_multiplication_|openai/gpt-oss-120b|1,1_Square_matrix_multiplication_,openai/gpt-oss-120b,1,69,1,0,generated
ptx|0shot|1_Square_matrix_multiplication_|openai/gpt-oss-120b|1,1_Square_matrix_multiplication_,openai/gpt-oss-120b,1,70,1,0,generated
ptx|0shot|1_Square_matrix_multiplication_|openai/gpt-oss-120b|1,1_Square_matrix_multiplication_,openai/gpt-oss-120b,1,71,1,0,generated
ptx|0shot|1_Square_matrix_multiplication_|openai/gpt-oss-120b|1,1_Square_matrix_multiplication_,openai/gpt-oss-120b,1,72,0,0,generated
ptx|0shot|1_Square_matrix_multiplication_|openai/gpt-oss-120b|1,1_Square_matrix_multiplication_,openai/gpt-oss-120b,1,73,1,0,generated
ptx|0shot|1_Square_matrix_multiplication_|openai/gpt-oss-120b|1,1_Square_matrix_multiplication_,openai/gpt-oss-120b,1,74,1,0,generated
ptx|0shot|1_Square_matrix_multiplication_|openai/gpt-oss-120b|1,1_Square_matrix_multiplication_,openai/gpt-oss-120b,1,75,1,0,generated
ptx|0shot|1_Square_matrix_multiplication_|openai/gpt-oss-120b|1,1_Square_matrix_multiplication_,openai/gpt-oss-120b,1,76,1,0,generated
ptx|0shot|1_Square_matrix_multiplication_|openai/gpt-oss-120b|1,1_Square_matrix_multiplication_,openai/gpt-oss-120b,1,77,1,0,generated
ptx|0shot|1_Square_matrix_multiplication_|openai/gpt-oss-120b|1,1_Square_matrix_multiplication_,openai/gpt-oss-120b,1,78,1,0,generated
ptx|0shot|1_Square_matrix_multiplication_|openai/gpt-oss-120b|1,1_Square_matrix_multiplication_,openai/gpt-oss-120b,1,79,1,0,generated
ptx|0shot|1_Square_matrix_multiplication_|openai/gpt-oss-120b|1,1_Square_matrix_multiplication_,openai/gpt-oss-120b,1,80,1,0,generated
ptx|0shot|1_Square_matrix_multiplication_|openai/gpt-oss-120b|1,1_Square_matrix_multiplication_,openai/gpt-oss-120b,1,81,1,0,generated
ptx|0shot|1_Square_matrix_multiplication_|openai/gpt-oss-120b|1,1_Square_matrix_multiplication_,openai/gpt-oss-120b,1,82,1,0,generated
ptx|0shot|1_Square_matrix_multiplication_|openai/gpt-oss-120b|1,1_Square_matrix_multiplication_,openai/gpt-oss-120b,1,83,1,0,generated
ptx|0shot|1_Square_matrix_multiplication_|openai/gpt-oss-120b|1,1_Square_matrix_multiplication_,openai/gpt-oss-120b,1,84,1,0,generated
ptx|0shot|1_Square_matrix_multiplication_|openai/gpt-oss-120b|1,1_Square_matrix_multiplication_,openai/gpt-oss-120b,1,85,1,0,generated
ptx|0shot|1_Square_matrix_multiplication_|openai/gpt-oss-120b|1,1_Square_matrix_multiplication_,openai/gpt-oss-120b,1,86,1,0,generated
ptx|0shot|1_Square_matrix_multiplication_|openai/gpt-oss-120b|1,1_Square_matrix_multiplication_,openai/gpt-oss-120b,1,87,1,0,generated
ptx|0shot|1_Square_matrix_multiplication_|openai/gpt-oss-120b|1,1_Square_matrix_multiplication_,openai/gpt-oss-120b,1,88,1,0,generated
ptx|0shot|1_Square_matrix_multiplication_|openai/gpt-oss-120b|1,1_Square_matrix_multiplication_,openai/gpt-oss-120b,1,89,1,0,generated
ptx|0shot|1_Square_matrix_multiplication_|openai/gpt-oss-120b|1,1_Square_matrix_multiplication_,openai/gpt-oss-120b,1,90,1,0,generated
ptx|0shot|1_Square_matrix_multiplication_|openai/gpt-oss-120b|1,1_Square_matrix_multiplication_,openai/gpt-oss-120b,1,91,1,0,generated
ptx|0shot|1_Square_matrix_multiplication_|openai/gpt-oss-120b|1,1_Square_matrix_multiplication_,openai/gpt-oss-120b,1,92,1,0,generated
ptx|0shot|1_Square_matrix_multiplication_|openai/gpt-oss-120b|1,1_Square_matrix_multiplication_,openai/gpt-oss-120b,1,93,1,0,generated
ptx|0shot|1_Square_matrix_multiplication_|openai/gpt-oss-120b|1,1_Square_matrix_multiplication_,openai/gpt-oss-120b,1,94,1,0,generated
ptx|0shot|1_Square_matrix_multiplication_|openai/gpt-oss-120b|1,1_Square_matrix_multiplication_,openai/gpt-oss-120b,1,95,1,0,generated
ptx|0shot|1_Square_matrix_multiplication_|openai/gpt-oss-120b|1,1_Square_matrix_multiplication_,openai/gpt-oss-120b,1,96,1,0,generated
ptx|0shot|1_Square_matrix_multiplication_|openai/gpt-oss-120b|1,1_Square_matrix_multiplication_,openai/gpt-oss-120b,1,97,1,0,generated
ptx|0shot|1_Square_matrix_multiplication_|openai/gpt-oss-120b|1,1_Square_matrix_multiplication_,openai/gpt-oss-120b,1,98,1,0,generated
ptx|0shot|1_Square_matrix_multiplication_|openai/gpt-oss-120b|1,1_Square_matrix_multiplication_,openai/gpt-oss-120b,1,99,1,0,generated
ptx|0shot|1_Square_matrix_multiplication_|openai/gpt-oss-120b|1,1_Square_matrix_multiplication_,openai/gpt-oss-120b,1,100,1,0,generated
ptx|0shot|1_Square_matrix_multiplication_|openai/gpt-oss-120b|2,1_Square_matrix_multiplication_,openai/gpt-oss-120b,2,1,1,0,generated
ptx|0shot|1_Square_matrix_multiplication_|openai/gpt-oss-120b|2,1_Square_matrix_multiplication_,openai/gpt-oss-120b,2,2,1,0,generated
ptx|0shot|1_Square_matrix_multiplication_|openai/gpt-oss-120b|2,1_Square_matrix_multiplication_,openai/gpt-oss-120b,2,3,1,0,generated
ptx|0shot|1_Square_matrix_multiplication_|openai/gpt-oss-120b|2,1_Square_matrix_multiplication_,openai/gpt-oss-120b,2,4,1,0,generated
ptx|0shot|1_Square_matrix_multiplication_|openai/gpt-oss-120b|2,1_Square_matrix_multiplication_,openai/gpt-oss-120b,2,5,1,0,generated
ptx|0shot|1_Square_matrix_multiplication_|openai/gpt-oss-120b|2,1_Square_matrix_multiplication_,openai/gpt-oss-120b,2,6,1,0,generated
ptx|0shot|1_Square_matrix_multiplication_|openai/gpt-oss-120b|2,1_Square_matrix_multiplication_,openai/gpt-oss-120b,2,7,1,0,generated
ptx|0shot|1_Square_matrix_multiplication_|openai/gpt-oss-120b|2,1_Square_matrix_multiplication_,openai/gpt-oss-120b,2,8,1,0,generated
ptx|0shot|1_Square_matrix_multiplication_|openai/gpt-oss-120b|2,1_Square_matrix_multiplication_,openai/gpt-oss-120b,2,9,1,0,generated
ptx|0shot|1_Square_matrix_multiplication_|openai/gpt-oss-120b|2,1_Square_matrix_multiplication_,openai/gpt-oss-120b,2,10,1,0,generated
ptx|0shot|1_Square_matrix_multiplication_|openai/gpt-oss-120b|2,1_Square_matrix_multiplication_,openai/gpt-oss-120b,2,11,1,0,generated
ptx|0shot|1_Square_matrix_multiplication_|openai/gpt-oss-120b|2,1_Square_matrix_multiplication_,openai/gpt-oss-120b,2,12,1,0,generated
ptx|0shot|1_Square_matrix_multiplication_|openai/gpt-oss-120b|2,1_Square_matrix_multiplication_,openai/gpt-oss-120b,2,13,1,0,generated
ptx|0shot|1_Square_matrix_multiplication_|openai/gpt-oss-120b|2,1_Square_matrix_multiplication_,openai/gpt-oss-120b,2,14,1,0,generated
ptx|0shot|1_Square_matrix_multiplication_|openai/gpt-oss-120b|2,1_Square_matrix_multiplication_,openai/gpt-oss-120b,2,15,1,0,generated
ptx|0shot|1_Square_matrix_multiplication_|openai/gpt-oss-120b|2,1_Square_matrix_multiplication_,openai/gpt-oss-120b,2,16,1,0,generated
ptx|0shot|1_Square_matrix_multiplication_|openai/gpt-oss-120b|2,1_Square_matrix_multiplication_,openai/gpt-oss-120b,2,17,1,0,generated
ptx|0shot|1_Square_matrix_multiplication_|openai/gpt-oss-120b|2,1_Square_matrix_multiplication_,openai/gpt-oss-120b,2,18,1,0,generated
ptx|0shot|1_Square_matrix_multiplication_|openai/gpt-oss-120b|2,1_Square_matrix_multiplication_,openai/gpt-oss-120b,2,19,1,0,generated
ptx|0shot|1_Square_matrix_multiplication_|openai/gpt-oss-120b|2,1_Square_matrix_multiplication_,openai/gpt-oss-120b,2,20,1,0,generated
ptx|0shot|1_Square_matrix_multiplication_|openai/gpt-oss-120b|2,1_Square_matrix_multiplication_,openai/gpt-oss-120b,2,21,1,0,generated
ptx|0shot|1_Square_matrix_multiplication_|openai/gpt-oss-120b|2,1_Square_matrix_multiplication_,openai/gpt-oss-120b,2,22,1,0,generated
ptx|0shot|1_Square_matrix_multiplication_|openai/gpt-oss-120b|2,1_Square_matrix_multiplication_,openai/gpt-oss-120b,2,23,1,0,generated
ptx|0shot|1_Square_matrix_multiplication_|openai/gpt-oss-120b|2,1_Square_matrix_multiplication_,openai/gpt-oss-120b,2,24,1,0,generated
ptx|0shot|1_Square_matrix_multiplication_|openai/gpt-oss-120b|2,1_Square_matrix_multiplication_,openai/gpt-oss-120b,2,25,1,0,generated
ptx|0shot|1_Square_matrix_multiplication_|openai/gpt-oss-120b|2,1_Square_matrix_multiplication_,openai/gpt-oss-120b,2,26,1,0,generated
ptx|0shot|1_Square_matrix_multiplication_|openai/gpt-oss-120b|2,1_Square_matrix_multiplication_,openai/gpt-oss-120b,2,27,1,0,generated
ptx|0shot|1_Square_matrix_multiplication_|openai/gpt-oss-120b|2,1_Square_matrix_multiplication_,openai/gpt-oss-120b,2,28,1,0,generated
ptx|0shot|1_Square_matrix_multiplication_|openai/gpt-oss-120b|2,1_Square_matrix_multiplication_,openai/gpt-oss-120b,2,29,1,0,generated
ptx|0shot|1_Square_matrix_multiplication_|openai/gpt-oss-120b|2,1_Square_matrix_multiplication_,openai/gpt-oss-120b,2,30,1,0,generated
ptx|0shot|1_Square_matrix_multiplication_|openai/gpt-oss-120b|2,1_Square_matrix_multiplication_,openai/gpt-oss-120b,2,31,1,0,generated
ptx|0shot|1_Square_matrix_multiplication_|openai/gpt-oss-120b|2,1_Square_matrix_multiplication_,openai/gpt-oss-120b,2,32,1,0,generated
ptx|0shot|1_Square_matrix_multiplication_|openai/gpt-oss-120b|2,1_Square_matrix_multiplication_,openai/gpt-oss-120b,2,33,1,0,generated
ptx|0shot|1_Square_matrix_multiplication_|openai/gpt-oss-120b|2,1_Square_matrix_multiplication_,openai/gpt-oss-120b,2,34,1,0,generated
ptx|0shot|1_Square_matrix_multiplication_|openai/gpt-oss-120b|2,1_Square_matrix_multiplication_,openai/gpt-oss-120b,2,35,1,0,generated
ptx|0shot|1_Square_matrix_multiplication_|openai/gpt-oss-120b|2,1_Square_matrix_multiplication_,openai/gpt-oss-120b,2,36,1,0,generated
ptx|0shot|1_Square_matrix_multiplication_|openai/gpt-oss-120b|2,1_Square_matrix_multiplication_,openai/gpt-oss-120b,2,37,1,0,generated
ptx|0shot|1_Square_matrix_multiplication_|openai/gpt-oss-120b|2,1_Square_matrix_multiplication_,openai/gpt-oss-120b,2,38,1,0,generated
ptx|0shot|1_Square_matrix_multiplication_|openai/gpt-oss-120b|2,1_Square_matrix_multiplication_,openai/gpt-oss-120b,2,39,1,0,generated
ptx|0shot|1_Square_matrix_multiplication_|openai/gpt-oss-120b|2,1_Square_matrix_multiplication_,openai/gpt-oss-120b,2,40,1,0,generated
ptx|0shot|1_Square_matrix_multiplication_|openai/gpt-oss-120b|2,1_Square_matrix_multiplication_,openai/gpt-oss-120b,2,41,1,0,generated
ptx|0shot|1_Square_matrix_multiplication_|openai/gpt-oss-120b|2,1_Square_matrix_multiplication_,openai/gpt-oss-120b,2,42,1,0,generated
ptx|0shot|1_Square_matrix_multiplication_|openai/gpt-oss-120b|2,1_Square_matrix_multiplication_,openai/gpt-oss-120b,2,43,1,0,generated
ptx|0shot|1_Square_matrix_multiplication_|openai/gpt-oss-120b|2,1_Square_matrix_multiplication_,openai/gpt-oss-120b,2,44,1,0,generated
ptx|0shot|1_Square_matrix_multiplication_|openai/gpt-oss-120b|2,1_Square_matrix_multiplication_,openai/gpt-oss-120b,2,45,1,0,generated
ptx|0shot|1_Square_matrix_multiplication_|openai/gpt-oss-120b|2,1_Square_matrix_multiplication_,openai/gpt-oss-120b,2,46,1,0,generated
ptx|0shot|1_Square_matrix_multiplication_|openai/gpt-oss-120b|2,1_Square_matrix_multiplication_,openai/gpt-oss-120b,2,47,1,0,generated
ptx|0shot|1_Square_matrix_multiplication_|openai/gpt-oss-120b|2,1_Square_matrix_multiplication_,openai/gpt-oss-120b,2,48,1,0,generated
ptx|0shot|1_Square_matrix_multiplication_|openai/gpt-oss-120b|2,1_Square_matrix_multiplication_,openai/gpt-oss-120b,2,49,1,0,generated
ptx|0shot|1_Square_matrix_multiplication_|openai/gpt-oss-120b|2,1_Square_matrix_multiplication_,openai/gpt-oss-120b,2,50,1,0,generated
ptx|0shot|1_Square_matrix_multiplication_|openai/gpt-oss-120b|2,1_Square_matrix_multiplication_,openai/gpt-oss-120b,2,51,1,0,generated
ptx|0shot|1_Square_matrix_multiplication_|openai/gpt-oss-120b|2,1_Square_matrix_multiplication_,openai/gpt-oss-120b,2,52,1,0,generated
ptx|0shot|1_Square_matrix_multiplication_|openai/gpt-oss-120b|2,1_Square_matrix_multiplication_,openai/gpt-oss-120b,2,53,1,0,generated
ptx|0shot|1_Square_matrix_multiplication_|openai/gpt-oss-120b|2,1_Square_matrix_multiplication_,openai/gpt-oss-120b,2,54,1,0,generated
ptx|0shot|1_Square_matrix_multiplication_|openai/gpt-oss-120b|2,1_Square_matrix_multiplication_,openai/gpt-oss-120b,2,55,1,0,generated
ptx|0shot|1_Square_matrix_multiplication_|openai/gpt-oss-120b|2,1_Square_matrix_multiplication_,openai/gpt-oss-120b,2,56,1,0,generated
ptx|0shot|1_Square_matrix_multiplication_|openai/gpt-oss-120b|2,1_Square_matrix_multiplication_,openai/gpt-oss-120b,2,57,1,0,generated
ptx|0shot|1_Square_matrix_multiplication_|openai/gpt-oss-120b|2,1_Square_matrix_multiplication_,openai/gpt-oss-120b,2,58,1,0,generated
ptx|0shot|1_Square_matrix_multiplication_|openai/gpt-oss-120b|2,1_Square_matrix_multiplication_,openai/gpt-oss-120b,2,59,1,0,generated
ptx|0shot|1_Square_matrix_multiplication_|openai/gpt-oss-120b|2,1_Square_matrix_multiplication_,openai/gpt-oss-120b,2,60,1,0,generated
ptx|0shot|1_Square_matrix_multiplication_|openai/gpt-oss-120b|2,1_Square_matrix_multiplication_,openai/gpt-oss-120b,2,61,1,0,generated
ptx|0shot|1_Square_matrix_multiplication_|openai/gpt-oss-120b|2,1_Square_matrix_multiplication_,openai/gpt-oss-120b,2,62,1,0,generated
ptx|0shot|1_Square_matrix_multiplication_|openai/gpt-oss-120b|2,1_Square_matrix_multiplication_,openai/gpt-oss-120b,2,63,1,0,generated
ptx|0shot|1_Square_matrix_multiplication_|openai/gpt-oss-120b|2,1_Square_matrix_multiplication_,openai/gpt-oss-120b,2,64,1,0,generated
ptx|0shot|1_Square_matrix_multiplication_|openai/gpt-oss-120b|2,1_Square_matrix_multiplication_,openai/gpt-oss-120b,2,65,1,0,generated
ptx|0shot|1_Square_matrix_multiplication_|openai/gpt-oss-120b|2,1_Square_matrix_multiplication_,openai/gpt-oss-120b,2,66,1,0,generated
ptx|0shot|1_Square_matrix_multiplication_|openai/gpt-oss-120b|2,1_Square_matrix_multiplication_,openai/gpt-oss-120b,2,67,1,0,generated
ptx|0shot|1_Square_matrix_multiplication_|openai/gpt-oss-120b|2,1_Square_matrix_multiplication_,openai/gpt-oss-120b,2,68,1,0,generated
ptx|0shot|1_Square_matrix_multiplication_|openai/gpt-oss-120b|2,1_Square_matrix_multiplication_,openai/gpt-oss-120b,2,69,1,0,generated
ptx|0shot|1_Square_matrix_multiplication_|openai/gpt-oss-120b|2,1_Square_matrix_multiplication_,openai/gpt-oss-120b,2,70,1,0,generated
ptx|0shot|1_Square_matrix_multiplication_|openai/gpt-oss-120b|2,1_Square_matrix_multiplication_,openai/gpt-oss-120b,2,71,1,0,generated
ptx|0shot|1_Square_matrix_multiplication_|openai/gpt-oss-120b|2,1_Square_matrix_multiplication_,openai/gpt-oss-120b,2,72,1,0,generated
ptx|0shot|1_Square_matrix_multiplication_|openai/gpt-oss-120b|2,1_Square_matrix_multiplication_,openai/gpt-oss-120b,2,73,1,0,generated
ptx|0shot|1_Square_matrix_multiplication_|openai/gpt-oss-120b|2,1_Square_matrix_multiplication_,openai/gpt-oss-120b,2,74,1,0,generated
ptx|0shot|1_Square_matrix_multiplication_|openai/gpt-oss-120b|2,1_Square_matrix_multiplication_,openai/gpt-oss-120b,2,75,1,0,generated
ptx|0shot|1_Square_matrix_multiplication_|openai/gpt-oss-120b|2,1_Square_matrix_multiplication_,openai/gpt-oss-120b,2,76,1,0,generated
ptx|0shot|1_Square_matrix_multiplication_|openai/gpt-oss-120b|2,1_Square_matrix_multiplication_,openai/gpt-oss-120b,2,77,1,0,generated
ptx|0shot|1_Square_matrix_multiplication_|openai/gpt-oss-120b|2,1_Square_matrix_multiplication_,openai/gpt-oss-120b,2,78,1,0,generated
ptx|0shot|1_Square_matrix_multiplication_|openai/gpt-oss-120b|2,1_Square_matrix_multiplication_,openai/gpt-oss-120b,2,79,1,0,generated
ptx|0shot|1_Square_matrix_multiplication_|openai/gpt-oss-120b|2,1_Square_matrix_multiplication_,openai/gpt-oss-120b,2,80,1,0,generated
ptx|0shot|1_Square_matrix_multiplication_|openai/gpt-oss-120b|2,1_Square_matrix_multiplication_,openai/gpt-oss-120b,2,81,1,0,generated
ptx|0shot|1_Square_matrix_multiplication_|openai/gpt-oss-120b|2,1_Square_matrix_multiplication_,openai/gpt-oss-120b,2,82,1,0,generated
ptx|0shot|1_Square_matrix_multiplication_|openai/gpt-oss-120b|2,1_Square_matrix_multiplication_,openai/gpt-oss-120b,2,83,1,0,generated
ptx|0shot|1_Square_matrix_multiplication_|openai/gpt-oss-120b|2,1_Square_matrix_multiplication_,openai/gpt-oss-120b,2,84,1,0,generated
ptx|0shot|1_Square_matrix_multiplication_|openai/gpt-oss-120b|2,1_Square_matrix_multiplication_,openai/gpt-oss-120b,2,85,1,0,generated
ptx|0shot|1_Square_matrix_multiplication_|openai/gpt-oss-120b|2,1_Square_matrix_multiplication_,openai/gpt-oss-120b,2,86,1,0,generated
ptx|0shot|1_Square_matrix_multiplication_|openai/gpt-oss-120b|2,1_Square_matrix_multiplication_,openai/gpt-oss-120b,2,87,1,0,generated
ptx|0shot|1_Square_matrix_multiplication_|openai/gpt-oss-120b|2,1_Square_matrix_multiplication_,openai/gpt-oss-120b,2,88,1,0,generated
ptx|0shot|1_Square_matrix_multiplication_|openai/gpt-oss-120b|2,1_Square_matrix_multiplication_,openai/gpt-oss-120b,2,89,1,0,generated
ptx|0shot|1_Square_matrix_multiplication_|openai/gpt-oss-120b|2,1_Square_matrix_multiplication_,openai/gpt-oss-120b,2,90,1,0,generated
ptx|0shot|1_Square_matrix_multiplication_|openai/gpt-oss-120b|2,1_Square_matrix_multiplication_,openai/gpt-oss-120b,2,91,1,0,generated
ptx|0shot|1_Square_matrix_multiplication_|openai/gpt-oss-120b|2,1_Square_matrix_multiplication_,openai/gpt-oss-120b,2,92,1,0,generated
ptx|0shot|1_Square_matrix_multiplication_|openai/gpt-oss-120b|2,1_Square_matrix_multiplication_,openai/gpt-oss-120b,2,93,1,0,generated
ptx|0shot|1_Square_matrix_multiplication_|openai/gpt-oss-120b|2,1_Square_matrix_multiplication_,openai/gpt-oss-120b,2,94,1,0,generated
ptx|0shot|1_Square_matrix_multiplication_|openai/gpt-oss-120b|2,1_Square_matrix_multiplication_,openai/gpt-oss-120b,2,95,1,0,generated
ptx|0shot|1_Square_matrix_multiplication_|openai/gpt-oss-120b|2,1_Square_matrix_multiplication_,openai/gpt-oss-120b,2,96,1,0,generated
ptx|0shot|1_Square_matrix_multiplication_|openai/gpt-oss-120b|2,1_Square_matrix_multiplication_,openai/gpt-oss-120b,2,97,1,0,generated
ptx|0shot|1_Square_matrix_multiplication_|openai/gpt-oss-120b|2,1_Square_matrix_multiplication_,openai/gpt-oss-120b,2,98,1,0,generated
ptx|0shot|1_Square_matrix_multiplication_|openai/gpt-oss-120b|2,1_Square_matrix_multiplication_,openai/gpt-oss-120b,2,99,1,0,generated
ptx|0shot|1_Square_matrix_multiplication_|openai/gpt-oss-120b|2,1_Square_matrix_multiplication_,openai/gpt-oss-120b,2,100,1,0,generated
ptx|0shot|1_Square_matrix_multiplication_|openai/gpt-oss-120b|3,1_Square_matrix_multiplication_,openai/gpt-oss-120b,3,1,1,0,generated
ptx|0shot|1_Square_matrix_multiplication_|openai/gpt-oss-120b|3,1_Square_matrix_multiplication_,openai/gpt-oss-120b,3,2,1,0,generated
ptx|0shot|1_Square_matrix_multiplication_|openai/gpt-oss-120b|3,1_Square_matrix_multiplication_,openai/gpt-oss-120b,3,3,1,0,generated
ptx|0shot|1_Square_matrix_multiplication_|openai/gpt-oss-120b|3,1_Square_matrix_multiplication_,openai/gpt-oss-120b,3,4,1,0,generated
ptx|0shot|1_Square_matrix_multiplication_|openai/gpt-oss-120b|3,1_Square_matrix_multiplication_,openai/gpt-oss-120b,3,5,1,0,generated
ptx|0shot|1_Square_matrix_multiplication_|openai/gpt-oss-120b|3,1_Square_matrix_multiplication_,openai/gpt-oss-120b,3,6,1,0,generated
ptx|0shot|1_Square_matrix_multiplication_|openai/gpt-oss-120b|3,1_Square_matrix_multiplication_,openai/gpt-oss-120b,3,7,1,0,generated
ptx|0shot|1_Square_matrix_multiplication_|openai/gpt-oss-120b|3,1_Square_matrix_multiplication_,openai/gpt-oss-120b,3,8,1,0,generated
ptx|0shot|1_Square_matrix_multiplication_|openai/gpt-oss-120b|3,1_Square_matrix_multiplication_,openai/gpt-oss-120b,3,9,1,0,generated
ptx|0shot|1_Square_matrix_multiplication_|openai/gpt-oss-120b|3,1_Square_matrix_multiplication_,openai/gpt-oss-120b,3,10,1,0,generated
ptx|0shot|1_Square_matrix_multiplication_|openai/gpt-oss-120b|3,1_Square_matrix_multiplication_,openai/gpt-oss-120b,3,11,1,0,generated
ptx|0shot|1_Square_matrix_multiplication_|openai/gpt-oss-120b|3,1_Square_matrix_multiplication_,openai/gpt-oss-120b,3,12,1,0,generated
ptx|0shot|1_Square_matrix_multiplication_|openai/gpt-oss-120b|3,1_Square_matrix_multiplication_,openai/gpt-oss-120b,3,13,1,0,generated
ptx|0shot|1_Square_matrix_multiplication_|openai/gpt-oss-120b|3,1_Square_matrix_multiplication_,openai/gpt-oss-120b,3,14,1,0,generated
ptx|0shot|1_Square_matrix_multiplication_|openai/gpt-oss-120b|3,1_Square_matrix_multiplication_,openai/gpt-oss-120b,3,15,1,0,generated
ptx|0shot|1_Square_matrix_multiplication_|openai/gpt-oss-120b|3,1_Square_matrix_multiplication_,openai/gpt-oss-120b,3,16,1,0,generated
ptx|0shot|1_Square_matrix_multiplication_|openai/gpt-oss-120b|3,1_Square_matrix_multiplication_,openai/gpt-oss-120b,3,17,1,0,generated
ptx|0shot|1_Square_matrix_multiplication_|openai/gpt-oss-120b|3,1_Square_matrix_multiplication_,openai/gpt-oss-120b,3,18,1,0,generated
ptx|0shot|1_Square_matrix_multiplication_|openai/gpt-oss-120b|3,1_Square_matrix_multiplication_,openai/gpt-oss-120b,3,19,1,0,generated
ptx|0shot|1_Square_matrix_multiplication_|openai/gpt-oss-120b|3,1_Square_matrix_multiplication_,openai/gpt-oss-120b,3,20,1,0,generated
ptx|0shot|1_Square_matrix_multiplication_|openai/gpt-oss-120b|3,1_Square_matrix_multiplication_,openai/gpt-oss-120b,3,21,1,0,generated
ptx|0shot|1_Square_matrix_multiplication_|openai/gpt-oss-120b|3,1_Square_matrix_multiplication_,openai/gpt-oss-120b,3,22,1,0,generated
ptx|0shot|1_Square_matrix_multiplication_|openai/gpt-oss-120b|3,1_Square_matrix_multiplication_,openai/gpt-oss-120b,3,23,1,0,generated
ptx|0shot|1_Square_matrix_multiplication_|openai/gpt-oss-120b|3,1_Square_matrix_multiplication_,openai/gpt-oss-120b,3,24,1,0,generated
ptx|0shot|1_Square_matrix_multiplication_|openai/gpt-oss-120b|3,1_Square_matrix_multiplication_,openai/gpt-oss-120b,3,25,1,0,generated
ptx|0shot|1_Square_matrix_multiplication_|openai/gpt-oss-120b|3,1_Square_matrix_multiplication_,openai/gpt-oss-120b,3,26,1,0,generated
ptx|0shot|1_Square_matrix_multiplication_|openai/gpt-oss-120b|3,1_Square_matrix_multiplication_,openai/gpt-oss-120b,3,27,1,0,generated
ptx|0shot|1_Square_matrix_multiplication_|openai/gpt-oss-120b|3,1_Square_matrix_multiplication_,openai/gpt-oss-120b,3,28,1,0,generated
ptx|0shot|1_Square_matrix_multiplication_|openai/gpt-oss-120b|3,1_Square_matrix_multiplication_,openai/gpt-oss-120b,3,29,1,0,generated
ptx|0shot|1_Square_matrix_multiplication_|openai/gpt-oss-120b|3,1_Square_matrix_multiplication_,openai/gpt-oss-120b,3,30,1,0,generated
ptx|0shot|1_Square_matrix_multiplication_|openai/gpt-oss-120b|3,1_Square_matrix_multiplication_,openai/gpt-oss-120b,3,31,1,0,generated
ptx|0shot|1_Square_matrix_multiplication_|openai/gpt-oss-120b|3,1_Square_matrix_multiplication_,openai/gpt-oss-120b,3,32,1,0,generated
ptx|0shot|1_Square_matrix_multiplication_|openai/gpt-oss-120b|3,1_Square_matrix_multiplication_,openai/gpt-oss-120b,3,33,1,0,generated
ptx|0shot|1_Square_matrix_multiplication_|openai/gpt-oss-120b|3,1_Square_matrix_multiplication_,openai/gpt-oss-120b,3,34,1,0,generated
ptx|0shot|1_Square_matrix_multiplication_|openai/gpt-oss-120b|3,1_Square_matrix_multiplication_,openai/gpt-oss-120b,3,35,1,0,generated
ptx|0shot|1_Square_matrix_multiplication_|openai/gpt-oss-120b|3,1_Square_matrix_multiplication_,openai/gpt-oss-120b,3,36,1,0,generated
ptx|0shot|1_Square_matrix_multiplication_|openai/gpt-oss-120b|3,1_Square_matrix_multiplication_,openai/gpt-oss-120b,3,37,1,0,generated
ptx|0shot|1_Square_matrix_multiplication_|openai/gpt-oss-120b|3,1_Square_matrix_multiplication_,openai/gpt-oss-120b,3,38,1,0,generated
ptx|0shot|1_Square_matrix_multiplication_|openai/gpt-oss-120b|3,1_Square_matrix_multiplication_,openai/gpt-oss-120b,3,39,1,0,generated
ptx|0shot|1_Square_matrix_multiplication_|openai/gpt-oss-120b|3,1_Square_matrix_multiplication_,openai/gpt-oss-120b,3,40,1,0,generated
ptx|0shot|1_Square_matrix_multiplication_|openai/gpt-oss-120b|3,1_Square_matrix_multiplication_,openai/gpt-oss-120b,3,41,1,0,generated
ptx|0shot|1_Square_matrix_multiplication_|openai/gpt-oss-120b|3,1_Square_matrix_multiplication_,openai/gpt-oss-120b,3,42,1,0,generated
ptx|0shot|1_Square_matrix_multiplication_|openai/gpt-oss-120b|3,1_Square_matrix_multiplication_,openai/gpt-oss-120b,3,43,1,0,generated
ptx|0shot|1_Square_matrix_multiplication_|openai/gpt-oss-120b|3,1_Square_matrix_multiplication_,openai/gpt-oss-120b,3,44,1,0,generated
ptx|0shot|1_Square_matrix_multiplication_|openai/gpt-oss-120b|3,1_Square_matrix_multiplication_,openai/gpt-oss-120b,3,45,1,0,generated
ptx|0shot|1_Square_matrix_multiplication_|openai/gpt-oss-120b|3,1_Square_matrix_multiplication_,openai/gpt-oss-120b,3,46,1,0,generated
ptx|0shot|1_Square_matrix_multiplication_|openai/gpt-oss-120b|3,1_Square_matrix_multiplication_,openai/gpt-oss-120b,3,47,1,0,generated
ptx|0shot|1_Square_matrix_multiplication_|openai/gpt-oss-120b|3,1_Square_matrix_multiplication_,openai/gpt-oss-120b,3,48,1,0,generated
ptx|0shot|1_Square_matrix_multiplication_|openai/gpt-oss-120b|3,1_Square_matrix_multiplication_,openai/gpt-oss-120b,3,49,1,0,generated
ptx|0shot|1_Square_matrix_multiplication_|openai/gpt-oss-120b|3,1_Square_matrix_multiplication_,openai/gpt-oss-120b,3,50,1,0,generated
ptx|0shot|1_Square_matrix_multiplication_|openai/gpt-oss-120b|3,1_Square_matrix_multiplication_,openai/gpt-oss-120b,3,51,1,0,generated
ptx|0shot|1_Square_matrix_multiplication_|openai/gpt-oss-120b|3,1_Square_matrix_multiplication_,openai/gpt-oss-120b,3,52,1,0,generated
ptx|0shot|1_Square_matrix_multiplication_|openai/gpt-oss-120b|3,1_Square_matrix_multiplication_,openai/gpt-oss-120b,3,53,1,0,generated
ptx|0shot|1_Square_matrix_multiplication_|openai/gpt-oss-120b|3,1_Square_matrix_multiplication_,openai/gpt-oss-120b,3,54,1,0,generated
ptx|0shot|1_Square_matrix_multiplication_|openai/gpt-oss-120b|3,1_Square_matrix_multiplication_,openai/gpt-oss-120b,3,55,1,0,generated
ptx|0shot|1_Square_matrix_multiplication_|openai/gpt-oss-120b|3,1_Square_matrix_multiplication_,openai/gpt-oss-120b,3,56,1,0,generated
ptx|0shot|1_Square_matrix_multiplication_|openai/gpt-oss-120b|3,1_Square_matrix_multiplication_,openai/gpt-oss-120b,3,57,1,0,generated
ptx|0shot|1_Square_matrix_multiplication_|openai/gpt-oss-120b|3,1_Square_matrix_multiplication_,openai/gpt-oss-120b,3,58,1,0,generated
ptx|0shot|1_Square_matrix_multiplication_|openai/gpt-oss-120b|3,1_Square_matrix_multiplication_,openai/gpt-oss-120b,3,59,1,0,generated
ptx|0shot|1_Square_matrix_multiplication_|openai/gpt-oss-120b|3,1_Square_matrix_multiplication_,openai/gpt-oss-120b,3,60,1,0,generated
ptx|0shot|1_Square_matrix_multiplication_|openai/gpt-oss-120b|3,1_Square_matrix_multiplication_,openai/gpt-oss-120b,3,61,1,0,generated
ptx|0shot|1_Square_matrix_multiplication_|openai/gpt-oss-120b|3,1_Square_matrix_multiplication_,openai/gpt-oss-120b,3,62,1,0,generated
ptx|0shot|1_Square_matrix_multiplication_|openai/gpt-oss-120b|3,1_Square_matrix_multiplication_,openai/gpt-oss-120b,3,63,1,0,generated
ptx|0shot|1_Square_matrix_multiplication_|openai/gpt-oss-120b|3,1_Square_matrix_multiplication_,openai/gpt-oss-120b,3,64,1,0,generated
ptx|0shot|1_Square_matrix_multiplication_|openai/gpt-oss-120b|3,1_Square_matrix_multiplication_,openai/gpt-oss-120b,3,65,1,0,generated
ptx|0shot|1_Square_matrix_multiplication_|openai/gpt-oss-120b|3,1_Square_matrix_multiplication_,openai/gpt-oss-120b,3,66,1,0,generated
ptx|0shot|1_Square_matrix_multiplication_|openai/gpt-oss-120b|3,1_Square_matrix_multiplication_,openai/gpt-oss-120b,3,67,1,0,generated
ptx|0shot|1_Square_matrix_multiplication_|openai/gpt-oss-120b|3,1_Square_matrix_multiplication_,openai/gpt-oss-120b,3,68,1,0,generated
ptx|0shot|1_Square_matrix_multiplication_|openai/gpt-oss-120b|3,1_Square_matrix_multiplication_,openai/gpt-oss-120b,3,69,1,0,generated
ptx|0shot|1_Square_matrix_multiplication_|openai/gpt-oss-120b|3,1_Square_matrix_multiplication_,openai/gpt-oss-120b,3,70,1,0,generated
ptx|0shot|1_Square_matrix_multiplication_|openai/gpt-oss-120b|3,1_Square_matrix_multiplication_,openai/gpt-oss-120b,3,71,1,0,generated
ptx|0shot|1_Square_matrix_multiplication_|openai/gpt-oss-120b|3,1_Square_matrix_multiplication_,openai/gpt-oss-120b,3,72,1,0,generated
ptx|0shot|1_Square_matrix_multiplication_|openai/gpt-oss-120b|3,1_Square_matrix_multiplication_,openai/gpt-oss-120b,3,73,1,0,generated
ptx|0shot|1_Square_matrix_multiplication_|openai/gpt-oss-120b|3,1_Square_matrix_multiplication_,openai/gpt-oss-120b,3,74,1,0,generated
ptx|0shot|1_Square_matrix_multiplication_|openai/gpt-oss-120b|3,1_Square_matrix_multiplication_,openai/gpt-oss-120b,3,75,1,0,generated
ptx|0shot|1_Square_matrix_multiplication_|openai/gpt-oss-120b|3,1_Square_matrix_multiplication_,openai/gpt-oss-120b,3,76,1,0,generated
ptx|0shot|1_Square_matrix_multiplication_|openai/gpt-oss-120b|3,1_Square_matrix_multiplication_,openai/gpt-oss-120b,3,77,1,0,generated
ptx|0shot|1_Square_matrix_multiplication_|openai/gpt-oss-120b|3,1_Square_matrix_multiplication_,openai/gpt-oss-120b,3,78,1,0,generated
ptx|0shot|1_Square_matrix_multiplication_|openai/gpt-oss-120b|3,1_Square_matrix_multiplication_,openai/gpt-oss-120b,3,79,1,0,generated
ptx|0shot|1_Square_matrix_multiplication_|openai/gpt-oss-120b|3,1_Square_matrix_multiplication_,openai/gpt-oss-120b,3,80,1,0,generated
ptx|0shot|1_Square_matrix_multiplication_|openai/gpt-oss-120b|3,1_Square_matrix_multiplication_,openai/gpt-oss-120b,3,81,1,0,generated
ptx|0shot|1_Square_matrix_multiplication_|openai/gpt-oss-120b|3,1_Square_matrix_multiplication_,openai/gpt-oss-120b,3,82,1,0,generated
ptx|0shot|1_Square_matrix_multiplication_|openai/gpt-oss-120b|3,1_Square_matrix_multiplication_,openai/gpt-oss-120b,3,83,1,0,generated
ptx|0shot|1_Square_matrix_multiplication_|openai/gpt-oss-120b|3,1_Square_matrix_multiplication_,openai/gpt-oss-120b,3,84,1,0,generated
ptx|0shot|1_Square_matrix_multiplication_|openai/gpt-oss-120b|3,1_Square_matrix_multiplication_,openai/gpt-oss-120b,3,85,1,0,generated
ptx|0shot|1_Square_matrix_multiplication_|openai/gpt-oss-120b|3,1_Square_matrix_multiplication_,openai/gpt-oss-120b,3,86,1,0,generated
ptx|0shot|1_Square_matrix_multiplication_|openai/gpt-oss-120b|3,1_Square_matrix_multiplication_,openai/gpt-oss-120b,3,87,1,0,generated
ptx|0shot|1_Square_matrix_multiplication_|openai/gpt-oss-120b|3,1_Square_matrix_multiplication_,openai/gpt-oss-120b,3,88,1,0,generated
ptx|0shot|1_Square_matrix_multiplication_|openai/gpt-oss-120b|3,1_Square_matrix_multiplication_,openai/gpt-oss-120b,3,89,1,0,generated
ptx|0shot|1_Square_matrix_multiplication_|openai/gpt-oss-120b|3,1_Square_matrix_multiplication_,openai/gpt-oss-120b,3,90,1,0,generated
ptx|0shot|1_Square_matrix_multiplication_|openai/gpt-oss-120b|3,1_Square_matrix_multiplication_,openai/gpt-oss-120b,3,91,1,0,generated
ptx|0shot|1_Square_matrix_multiplication_|openai/gpt-oss-120b|3,1_Square_matrix_multiplication_,openai/gpt-oss-120b,3,92,1,0,generated
ptx|0shot|1_Square_matrix_multiplication_|openai/gpt-oss-120b|3,1_Square_matrix_multiplication_,openai/gpt-oss-120b,3,93,1,0,generated
ptx|0shot|1_Square_matrix_multiplication_|openai/gpt-oss-120b|3,1_Square_matrix_multiplication_,openai/gpt-oss-120b,3,94,1,0,generated
ptx|0shot|1_Square_matrix_multiplication_|openai/gpt-oss-120b|3,1_Square_matrix_multiplication_,openai/gpt-oss-120b,3,95,1,0,generated
ptx|0shot|1_Square_matrix_multiplication_|openai/gpt-oss-120b|3,1_Square_matrix_multiplication_,openai/gpt-oss-120b,3,96,1,0,generated
ptx|0shot|1_Square_matrix_multiplication_|openai/gpt-oss-120b|3,1_Square_matrix_multiplication_,openai/gpt-oss-120b,3,97,1,0,generated
ptx|0shot|1_Square_matrix_multiplication_|openai/gpt-oss-120b|3,1_Square_matrix_multiplication_,openai/gpt-oss-120b,3,98,1,0,generated
ptx|0shot|1_Square_matrix_multiplication_|openai/gpt-oss-120b|3,1_Square_matrix_multiplication_,openai/gpt-oss-120b,3,99,1,0,generated
ptx|0shot|1_Square_matrix_multiplication_|openai/gpt-oss-120b|3,1_Square_matrix_multiplication_,openai/gpt-oss-120b,3,100,1,0,generated
ptx|0shot|1_Square_matrix_multiplication_|openai/gpt-oss-120b|4,1_Square_matrix_multiplication_,openai/gpt-oss-120b,4,1,1,0,generated
ptx|0shot|1_Square_matrix_multiplication_|openai/gpt-oss-120b|4,1_Square_matrix_multiplication_,openai/gpt-oss-120b,4,2,1,0,generated
ptx|0shot|1_Square_matrix_multiplication_|openai/gpt-oss-120b|4,1_Square_matrix_multiplication_,openai/gpt-oss-120b,4,3,1,0,generated
ptx|0shot|1_Square_matrix_multiplication_|openai/gpt-oss-120b|4,1_Square_matrix_multiplication_,openai/gpt-oss-120b,4,4,1,0,generated
ptx|0shot|1_Square_matrix_multiplication_|openai/gpt-oss-120b|4,1_Square_matrix_multiplication_,openai/gpt-oss-120b,4,5,1,0,generated
ptx|0shot|1_Square_matrix_multiplication_|openai/gpt-oss-120b|4,1_Square_matrix_multiplication_,openai/gpt-oss-120b,4,6,1,0,generated
ptx|0shot|1_Square_matrix_multiplication_|openai/gpt-oss-120b|4,1_Square_matrix_multiplication_,openai/gpt-oss-120b,4,7,1,0,generated
ptx|0shot|1_Square_matrix_multiplication_|openai/gpt-oss-120b|4,1_Square_matrix_multiplication_,openai/gpt-oss-120b,4,8,1,0,generated
ptx|0shot|1_Square_matrix_multiplication_|openai/gpt-oss-120b|4,1_Square_matrix_multiplication_,openai/gpt-oss-120b,4,9,1,0,generated
ptx|0shot|1_Square_matrix_multiplication_|openai/gpt-oss-120b|4,1_Square_matrix_multiplication_,openai/gpt-oss-120b,4,10,1,0,generated
ptx|0shot|1_Square_matrix_multiplication_|openai/gpt-oss-120b|4,1_Square_matrix_multiplication_,openai/gpt-oss-120b,4,11,1,0,generated
ptx|0shot|1_Square_matrix_multiplication_|openai/gpt-oss-120b|4,1_Square_matrix_multiplication_,openai/gpt-oss-120b,4,12,1,0,generated
ptx|0shot|1_Square_matrix_multiplication_|openai/gpt-oss-120b|4,1_Square_matrix_multiplication_,openai/gpt-oss-120b,4,13,1,0,generated
ptx|0shot|1_Square_matrix_multiplication_|openai/gpt-oss-120b|4,1_Square_matrix_multiplication_,openai/gpt-oss-120b,4,14,1,0,generated
ptx|0shot|1_Square_matrix_multiplication_|openai/gpt-oss-120b|4,1_Square_matrix_multiplication_,openai/gpt-oss-120b,4,15,1,0,generated
ptx|0shot|1_Square_matrix_multiplication_|openai/gpt-oss-120b|4,1_Square_matrix_multiplication_,openai/gpt-oss-120b,4,16,1,0,generated
ptx|0shot|1_Square_matrix_multiplication_|openai/gpt-oss-120b|4,1_Square_matrix_multiplication_,openai/gpt-oss-120b,4,17,1,0,generated
ptx|0shot|1_Square_matrix_multiplication_|openai/gpt-oss-120b|4,1_Square_matrix_multiplication_,openai/gpt-oss-120b,4,18,1,0,generated
ptx|0shot|1_Square_matrix_multiplication_|openai/gpt-oss-120b|4,1_Square_matrix_multiplication_,openai/gpt-oss-120b,4,19,1,0,generated
ptx|0shot|1_Square_matrix_multiplication_|openai/gpt-oss-120b|4,1_Square_matrix_multiplication_,openai/gpt-oss-120b,4,20,1,0,generated
ptx|0shot|1_Square_matrix_multiplication_|openai/gpt-oss-120b|4,1_Square_matrix_multiplication_,openai/gpt-oss-120b,4,21,1,0,generated
ptx|0shot|1_Square_matrix_multiplication_|openai/gpt-oss-120b|4,1_Square_matrix_multiplication_,openai/gpt-oss-120b,4,22,1,0,generated
ptx|0shot|1_Square_matrix_multiplication_|openai/gpt-oss-120b|4,1_Square_matrix_multiplication_,openai/gpt-oss-120b,4,23,1,0,generated
ptx|0shot|1_Square_matrix_multiplication_|openai/gpt-oss-120b|4,1_Square_matrix_multiplication_,openai/gpt-oss-120b,4,24,1,0,generated
ptx|0shot|1_Square_matrix_multiplication_|openai/gpt-oss-120b|4,1_Square_matrix_multiplication_,openai/gpt-oss-120b,4,25,1,0,generated
ptx|0shot|1_Square_matrix_multiplication_|openai/gpt-oss-120b|4,1_Square_matrix_multiplication_,openai/gpt-oss-120b,4,26,1,0,generated
ptx|0shot|1_Square_matrix_multiplication_|openai/gpt-oss-120b|4,1_Square_matrix_multiplication_,openai/gpt-oss-120b,4,27,1,0,generated
ptx|0shot|1_Square_matrix_multiplication_|openai/gpt-oss-120b|4,1_Square_matrix_multiplication_,openai/gpt-oss-120b,4,28,1,0,generated
ptx|0shot|1_Square_matrix_multiplication_|openai/gpt-oss-120b|4,1_Square_matrix_multiplication_,openai/gpt-oss-120b,4,29,1,0,generated
ptx|0shot|1_Square_matrix_multiplication_|openai/gpt-oss-120b|4,1_Square_matrix_multiplication_,openai/gpt-oss-120b,4,30,1,0,generated
ptx|0shot|1_Square_matrix_multiplication_|openai/gpt-oss-120b|4,1_Square_matrix_multiplication_,openai/gpt-oss-120b,4,31,1,0,generated
ptx|0shot|1_Square_matrix_multiplication_|openai/gpt-oss-120b|4,1_Square_matrix_multiplication_,openai/gpt-oss-120b,4,32,1,0,generated
ptx|0shot|1_Square_matrix_multiplication_|openai/gpt-oss-120b|4,1_Square_matrix_multiplication_,openai/gpt-oss-120b,4,33,1,0,generated
ptx|0shot|1_Square_matrix_multiplication_|openai/gpt-oss-120b|4,1_Square_matrix_multiplication_,openai/gpt-oss-120b,4,34,1,0,generated
ptx|0shot|1_Square_matrix_multiplication_|openai/gpt-oss-120b|4,1_Square_matrix_multiplication_,openai/gpt-oss-120b,4,35,1,0,generated
ptx|0shot|1_Square_matrix_multiplication_|openai/gpt-oss-120b|4,1_Square_matrix_multiplication_,openai/gpt-oss-120b,4,36,1,0,generated
ptx|0shot|1_Square_matrix_multiplication_|openai/gpt-oss-120b|4,1_Square_matrix_multiplication_,openai/gpt-oss-120b,4,37,1,0,generated
ptx|0shot|1_Square_matrix_multiplication_|openai/gpt-oss-120b|4,1_Square_matrix_multiplication_,openai/gpt-oss-120b,4,38,1,0,generated
ptx|0shot|1_Square_matrix_multiplication_|openai/gpt-oss-120b|4,1_Square_matrix_multiplication_,openai/gpt-oss-120b,4,39,1,0,generated
ptx|0shot|1_Square_matrix_multiplication_|openai/gpt-oss-120b|4,1_Square_matrix_multiplication_,openai/gpt-oss-120b,4,40,1,0,generated
ptx|0shot|1_Square_matrix_multiplication_|openai/gpt-oss-120b|4,1_Square_matrix_multiplication_,openai/gpt-oss-120b,4,41,1,0,generated
ptx|0shot|1_Square_matrix_multiplication_|openai/gpt-oss-120b|4,1_Square_matrix_multiplication_,openai/gpt-oss-120b,4,42,1,0,generated
ptx|0shot|1_Square_matrix_multiplication_|openai/gpt-oss-120b|4,1_Square_matrix_multiplication_,openai/gpt-oss-120b,4,43,1,0,generated
ptx|0shot|1_Square_matrix_multiplication_|openai/gpt-oss-120b|4,1_Square_matrix_multiplication_,openai/gpt-oss-120b,4,44,1,0,generated
ptx|0shot|1_Square_matrix_multiplication_|openai/gpt-oss-120b|4,1_Square_matrix_multiplication_,openai/gpt-oss-120b,4,45,1,0,generated
ptx|0shot|1_Square_matrix_multiplication_|openai/gpt-oss-120b|4,1_Square_matrix_multiplication_,openai/gpt-oss-120b,4,46,1,0,generated
ptx|0shot|1_Square_matrix_multiplication_|openai/gpt-oss-120b|4,1_Square_matrix_multiplication_,openai/gpt-oss-120b,4,47,1,0,generated
ptx|0shot|1_Square_matrix_multiplication_|openai/gpt-oss-120b|4,1_Square_matrix_multiplication_,openai/gpt-oss-120b,4,48,1,0,generated
ptx|0shot|1_Square_matrix_multiplication_|openai/gpt-oss-120b|4,1_Square_matrix_multiplication_,openai/gpt-oss-120b,4,49,1,0,generated
ptx|0shot|1_Square_matrix_multiplication_|openai/gpt-oss-120b|4,1_Square_matrix_multiplication_,openai/gpt-oss-120b,4,50,1,0,generated
ptx|0shot|1_Square_matrix_multiplication_|openai/gpt-oss-120b|4,1_Square_matrix_multiplication_,openai/gpt-oss-120b,4,51,1,0,generated
ptx|0shot|1_Square_matrix_multiplication_|openai/gpt-oss-120b|4,1_Square_matrix_multiplication_,openai/gpt-oss-120b,4,52,1,0,generated
ptx|0shot|1_Square_matrix_multiplication_|openai/gpt-oss-120b|4,1_Square_matrix_multiplication_,openai/gpt-oss-120b,4,53,1,0,generated
ptx|0shot|1_Square_matrix_multiplication_|openai/gpt-oss-120b|4,1_Square_matrix_multiplication_,openai/gpt-oss-120b,4,54,1,0,generated
ptx|0shot|1_Square_matrix_multiplication_|openai/gpt-oss-120b|4,1_Square_matrix_multiplication_,openai/gpt-oss-120b,4,55,1,0,generated
ptx|0shot|1_Square_matrix_multiplication_|openai/gpt-oss-120b|4,1_Square_matrix_multiplication_,openai/gpt-oss-120b,4,56,1,0,generated
ptx|0shot|1_Square_matrix_multiplication_|openai/gpt-oss-120b|4,1_Square_matrix_multiplication_,openai/gpt-oss-120b,4,57,1,0,generated
ptx|0shot|1_Square_matrix_multiplication_|openai/gpt-oss-120b|4,1_Square_matrix_multiplication_,openai/gpt-oss-120b,4,58,1,0,generated
ptx|0shot|1_Square_matrix_multiplication_|openai/gpt-oss-120b|4,1_Square_matrix_multiplication_,openai/gpt-oss-120b,4,59,1,0,generated
ptx|0shot|1_Square_matrix_multiplication_|openai/gpt-oss-120b|4,1_Square_matrix_multiplication_,openai/gpt-oss-120b,4,60,1,0,generated
ptx|0shot|1_Square_matrix_multiplication_|openai/gpt-oss-120b|4,1_Square_matrix_multiplication_,openai/gpt-oss-120b,4,61,1,0,generated
ptx|0shot|1_Square_matrix_multiplication_|openai/gpt-oss-120b|4,1_Square_matrix_multiplication_,openai/gpt-oss-120b,4,62,1,0,generated
ptx|0shot|1_Square_matrix_multiplication_|openai/gpt-oss-120b|4,1_Square_matrix_multiplication_,openai/gpt-oss-120b,4,63,1,0,generated
ptx|0shot|1_Square_matrix_multiplication_|openai/gpt-oss-120b|4,1_Square_matrix_multiplication_,openai/gpt-oss-120b,4,64,1,0,generated
ptx|0shot|1_Square_matrix_multiplication_|openai/gpt-oss-120b|4,1_Square_matrix_multiplication_,openai/gpt-oss-120b,4,65,1,0,generated
ptx|0shot|1_Square_matrix_multiplication_|openai/gpt-oss-120b|4,1_Square_matrix_multiplication_,openai/gpt-oss-120b,4,66,1,0,generated
ptx|0shot|1_Square_matrix_multiplication_|openai/gpt-oss-120b|4,1_Square_matrix_multiplication_,openai/gpt-oss-120b,4,67,1,0,generated
ptx|0shot|1_Square_matrix_multiplication_|openai/gpt-oss-120b|4,1_Square_matrix_multiplication_,openai/gpt-oss-120b,4,68,1,0,generated
ptx|0shot|1_Square_matrix_multiplication_|openai/gpt-oss-120b|4,1_Square_matrix_multiplication_,openai/gpt-oss-120b,4,69,1,0,generated
ptx|0shot|1_Square_matrix_multiplication_|openai/gpt-oss-120b|4,1_Square_matrix_multiplication_,openai/gpt-oss-120b,4,70,1,0,generated
ptx|0shot|1_Square_matrix_multiplication_|openai/gpt-oss-120b|4,1_Square_matrix_multiplication_,openai/gpt-oss-120b,4,71,1,0,generated
ptx|0shot|1_Square_matrix_multiplication_|openai/gpt-oss-120b|4,1_Square_matrix_multiplication_,openai/gpt-oss-120b,4,72,1,0,generated
ptx|0shot|1_Square_matrix_multiplication_|openai/gpt-oss-120b|4,1_Square_matrix_multiplication_,openai/gpt-oss-120b,4,73,1,0,generated
ptx|0shot|1_Square_matrix_multiplication_|openai/gpt-oss-120b|4,1_Square_matrix_multiplication_,openai/gpt-oss-120b,4,74,1,0,generated
ptx|0shot|1_Square_matrix_multiplication_|openai/gpt-oss-120b|4,1_Square_matrix_multiplication_,openai/gpt-oss-120b,4,75,1,0,generated
ptx|0shot|1_Square_matrix_multiplication_|openai/gpt-oss-120b|4,1_Square_matrix_multiplication_,openai/gpt-oss-120b,4,76,1,0,generated
ptx|0shot|1_Square_matrix_multiplication_|openai/gpt-oss-120b|4,1_Square_matrix_multiplication_,openai/gpt-oss-120b,4,77,1,0,generated
ptx|0shot|1_Square_matrix_multiplication_|openai/gpt-oss-120b|4,1_Square_matrix_multiplication_,openai/gpt-oss-120b,4,78,1,0,generated
ptx|0shot|1_Square_matrix_multiplication_|openai/gpt-oss-120b|4,1_Square_matrix_multiplication_,openai/gpt-oss-120b,4,79,1,0,generated
ptx|0shot|1_Square_matrix_multiplication_|openai/gpt-oss-120b|4,1_Square_matrix_multiplication_,openai/gpt-oss-120b,4,80,1,0,generated
ptx|0shot|1_Square_matrix_multiplication_|openai/gpt-oss-120b|4,1_Square_matrix_multiplication_,openai/gpt-oss-120b,4,81,1,0,generated
ptx|0shot|1_Square_matrix_multiplication_|openai/gpt-oss-120b|4,1_Square_matrix_multiplication_,openai/gpt-oss-120b,4,82,1,0,generated
ptx|0shot|1_Square_matrix_multiplication_|openai/gpt-oss-120b|4,1_Square_matrix_multiplication_,openai/gpt-oss-120b,4,83,1,0,generated
ptx|0shot|1_Square_matrix_multiplication_|openai/gpt-oss-120b|4,1_Square_matrix_multiplication_,openai/gpt-oss-120b,4,84,1,0,generated
ptx|0shot|1_Square_matrix_multiplication_|openai/gpt-oss-120b|4,1_Square_matrix_multiplication_,openai/gpt-oss-120b,4,85,1,0,generated
ptx|0shot|1_Square_matrix_multiplication_|openai/gpt-oss-120b|4,1_Square_matrix_multiplication_,openai/gpt-oss-120b,4,86,1,0,generated
ptx|0shot|1_Square_matrix_multiplication_|openai/gpt-oss-120b|4,1_Square_matrix_multiplication_,openai/gpt-oss-120b,4,87,1,0,generated
ptx|0shot|1_Square_matrix_multiplication_|openai/gpt-oss-120b|4,1_Square_matrix_multiplication_,openai/gpt-oss-120b,4,88,1,0,generated
ptx|0shot|1_Square_matrix_multiplication_|openai/gpt-oss-120b|4,1_Square_matrix_multiplication_,openai/gpt-oss-120b,4,89,1,0,generated
ptx|0shot|1_Square_matrix_multiplication_|openai/gpt-oss-120b|4,1_Square_matrix_multiplication_,openai/gpt-oss-120b,4,90,1,0,generated
ptx|0shot|1_Square_matrix_multiplication_|openai/gpt-oss-120b|4,1_Square_matrix_multiplication_,openai/gpt-oss-120b,4,91,1,0,generated
ptx|0shot|1_Square_matrix_multiplication_|openai/gpt-oss-120b|4,1_Square_matrix_multiplication_,openai/gpt-oss-120b,4,92,1,0,generated
ptx|0shot|1_Square_matrix_multiplication_|openai/gpt-oss-120b|4,1_Square_matrix_multiplication_,openai/gpt-oss-120b,4,93,1,0,generated
ptx|0shot|1_Square_matrix_multiplication_|openai/gpt-oss-120b|4,1_Square_matrix_multiplication_,openai/gpt-oss-120b,4,94,1,0,generated
ptx|0shot|1_Square_matrix_multiplication_|openai/gpt-oss-120b|4,1_Square_matrix_multiplication_,openai/gpt-oss-120b,4,95,1,0,generated
ptx|0shot|1_Square_matrix_multiplication_|openai/gpt-oss-120b|4,1_Square_matrix_multiplication_,openai/gpt-oss-120b,4,96,1,0,generated
ptx|0shot|1_Square_matrix_multiplication_|openai/gpt-oss-120b|4,1_Square_matrix_multiplication_,openai/gpt-oss-120b,4,97,1,0,generated
ptx|0shot|1_Square_matrix_multiplication_|openai/gpt-oss-120b|4,1_Square_matrix_multiplication_,openai/gpt-oss-120b,4,98,1,0,generated
ptx|0shot|1_Square_matrix_multiplication_|openai/gpt-oss-120b|4,1_Square_matrix_multiplication_,openai/gpt-oss-120b,4,99,1,0,generated
ptx|0shot|1_Square_matrix_multiplication_|openai/gpt-oss-120b|4,1_Square_matrix_multiplication_,openai/gpt-oss-120b,4,100,1,0,generated
